area_sqft,bedrooms,bathrooms,stories,parking,mainroad,guestroom,basement,airconditioning,prefarea,price
961,1,3,2,2,yes,no,no,no,no,440583.29
1166,5,2,1,2,yes,yes,no,yes,yes,678002.08
795,1,2,2,2,no,no,no,no,yes,334415.37
1468,5,1,1,2,no,no,yes,yes,yes,575596.28
3089,5,2,1,0,no,no,no,no,yes,505591.14
2481,2,2,2,1,yes,no,no,yes,no,409320.13
2521,3,2,1,2,no,yes,no,yes,no,482780.48
3371,2,1,1,0,yes,no,no,yes,no,354427.95
2585,4,1,3,2,yes,no,no,yes,yes,577417.56
3919,1,3,1,0,no,yes,no,no,no,334350.88
1173,1,1,2,2,yes,no,no,yes,yes,410201.18
2602,5,3,1,2,yes,yes,no,yes,yes,766405.84
1892,2,1,3,0,yes,yes,no,yes,yes,505223.08
3095,2,2,3,1,yes,no,no,no,no,378510.35
3922,2,1,3,1,no,no,no,no,no,299186.23
3377,3,2,2,2,yes,no,no,yes,no,508716.55
3009,5,2,1,1,yes,no,yes,yes,no,601063.11
1106,1,2,3,0,yes,no,no,no,yes,405074.27
1420,1,2,1,2,yes,yes,no,no,no,366534.25
3555,3,3,1,2,no,no,no,no,no,428993.63
3413,1,2,2,1,yes,no,no,no,yes,406182.03
1513,5,1,3,2,yes,no,no,yes,no,570074.37
2283,3,1,1,2,yes,no,yes,yes,yes,528275.9
935,1,2,1,2,yes,no,no,yes,no,397967.23
2238,4,1,3,1,yes,no,no,no,no,443329.37
1489,3,3,2,1,yes,no,no,yes,no,556087.02
3163,5,3,2,0,yes,no,no,yes,yes,729472.03
3791,4,2,2,2,yes,no,no,no,no,513266.85
2932,2,3,1,0,yes,no,no,yes,no,418572.06
1195,1,3,3,2,no,no,no,no,no,386840.68
2354,1,2,3,2,yes,no,yes,no,no,416568.18
2591,4,2,2,1,no,no,no,no,no,425025.07
3279,3,1,1,1,yes,no,yes,yes,no,400737.57
3142,4,2,3,1,no,no,no,no,yes,532055.36
2597,5,3,1,0,yes,no,no,yes,no,615936.75
2380,4,1,1,1,yes,no,yes,no,yes,416785.55
1730,2,1,1,2,no,no,no,yes,yes,373210.7
748,5,2,3,0,no,no,yes,yes,yes,668942.48
638,5,2,3,1,yes,no,no,no,yes,578889.87
1328,2,2,2,1,yes,no,no,yes,no,464701.4
1967,2,3,2,2,no,yes,no,no,yes,484215.74
2479,2,1,3,0,yes,no,no,yes,yes,454448.33
1232,3,2,1,0,yes,no,yes,no,no,407662.28
2141,2,2,1,0,no,no,no,yes,no,350249.83
3616,4,2,3,2,yes,no,yes,yes,yes,710990.16
3532,1,2,1,1,no,no,no,yes,no,321013.29
2856,4,3,1,1,no,yes,no,yes,no,626779.8
3281,1,1,3,1,yes,no,no,no,no,271708.07
992,2,1,3,1,yes,yes,yes,yes,no,480403.72
2697,4,1,2,0,yes,no,no,no,no,356749.05
2113,1,1,1,0,yes,no,no,yes,no,239395.25
1330,5,2,2,1,yes,no,yes,no,yes,607849.27
2984,5,1,2,1,yes,no,no,yes,no,512569.39
1582,5,1,2,0,yes,no,no,yes,yes,600429.81
2097,5,3,1,0,no,no,no,no,no,473369.92
917,4,2,3,2,yes,yes,no,no,no,547378.41
3852,2,2,3,1,yes,no,yes,yes,no,469698.9
2244,4,3,3,1,yes,no,yes,yes,no,679426.81
3883,1,2,1,1,yes,yes,no,no,yes,381325.04
1935,1,1,1,0,no,no,no,yes,no,240654.81
3890,5,2,3,2,yes,no,no,yes,no,650014.22
1842,3,1,3,2,no,no,yes,yes,yes,532794.43
940,5,3,2,2,yes,no,no,no,no,619258.54
753,4,1,3,2,yes,no,no,no,no,463617.97
2846,5,1,2,2,no,yes,no,yes,no,561998.58
724,1,1,2,2,yes,yes,no,no,no,327328.25
1264,5,1,1,2,yes,no,no,no,no,436767.45
1514,5,3,3,0,yes,yes,no,no,yes,704845.44
951,5,3,3,0,yes,no,no,no,no,591792.67
3323,2,3,1,0,yes,no,no,no,yes,464344.59
2613,2,2,3,1,yes,yes,no,yes,yes,609362.49
865,4,2,3,2,yes,yes,yes,no,yes,624565.02
1776,2,1,2,2,yes,yes,yes,yes,no,479027.57
2025,4,2,1,1,yes,yes,no,yes,yes,614518.78
1362,4,1,2,0,no,no,no,no,no,337619.83
647,4,2,3,1,no,no,yes,no,yes,544606.28
702,2,2,2,1,yes,no,no,no,no,359175.44
845,4,3,3,2,yes,yes,no,no,yes,672442.24
3404,2,2,1,2,no,no,no,no,no,331684.14
3220,2,3,2,2,yes,no,no,yes,no,560769.53
1601,4,2,1,1,no,no,yes,no,no,454711.78
3735,2,3,2,0,no,no,no,no,no,370271.05
1727,2,2,3,2,yes,no,no,no,no,435287.77
2243,2,3,2,1,yes,no,yes,no,no,449570.41
661,3,2,1,0,yes,yes,no,yes,no,509058.27
3414,4,3,1,1,yes,no,no,yes,no,599582.56
1711,5,2,1,1,yes,no,no,no,no,469386.05
1545,4,3,2,1,yes,no,yes,yes,yes,671630.13
3464,2,3,3,2,yes,yes,no,yes,yes,691923.77
503,3,1,3,0,yes,no,no,yes,no,409540.98
3195,1,2,1,2,yes,no,yes,no,yes,416519.06
776,1,2,3,2,yes,no,no,no,no,380819.5
641,1,1,3,2,yes,no,no,no,yes,362576.16
1110,3,3,3,2,no,no,no,yes,yes,629875.88
3716,5,3,3,0,yes,no,yes,no,no,621074.53
3612,2,3,3,1,yes,yes,no,no,yes,596797.8
590,5,3,3,0,yes,yes,no,no,no,610360.17
3074,4,3,3,2,yes,no,no,no,yes,647592.33
2420,4,1,3,1,yes,no,no,yes,no,520670.23
2724,2,3,2,0,yes,no,no,yes,yes,576953.84
2462,4,3,3,0,no,no,yes,yes,yes,699761.93
1854,5,3,2,0,no,no,yes,yes,no,662355.99
3694,5,3,1,2,no,yes,no,no,no,563715.39
2541,4,3,2,1,yes,no,no,no,no,573757.92
3960,3,1,2,1,yes,no,yes,yes,yes,515615.74
1102,5,1,2,2,yes,no,no,no,no,453495.88
2370,3,1,2,2,yes,no,no,no,no,360633.57
1658,1,3,1,1,yes,no,yes,no,no,404973.42
653,5,3,2,2,yes,no,yes,no,yes,708750.48
3737,4,2,2,1,yes,yes,no,no,no,528385.1
743,4,2,3,2,yes,no,no,no,no,549180.9
1977,1,1,1,0,yes,no,no,yes,yes,341294.33
933,2,2,3,1,yes,no,no,yes,no,482127.39
2641,5,3,1,1,yes,no,no,no,no,571865.6
2571,3,1,1,2,no,no,no,no,no,275179.78
2553,3,2,2,1,no,yes,no,yes,no,512884.62
927,2,3,3,1,yes,yes,yes,no,yes,607591.09
589,4,2,2,1,yes,no,no,no,no,460466.49
1178,5,1,3,1,no,no,no,yes,no,510516.64
1958,2,3,3,0,yes,no,yes,yes,no,597884.22
2502,2,3,3,1,yes,no,yes,yes,yes,608655.71
666,4,2,1,0,yes,yes,no,yes,no,544409.76
1057,5,1,2,0,yes,no,no,no,no,426743.74
3860,4,3,1,2,yes,yes,no,yes,no,692957.9
3153,5,3,2,1,yes,no,no,no,no,603257.14
1836,5,2,2,1,yes,no,no,no,no,507850.17
1986,5,1,3,1,no,yes,no,yes,no,568940.07
1595,1,2,2,1,yes,no,yes,yes,no,424923.13
1030,4,1,3,2,yes,no,no,yes,no,511073.36
1309,2,3,2,1,yes,yes,no,no,no,469391.7
2197,2,1,2,0,yes,no,no,no,yes,314187.22
3812,2,2,2,2,yes,no,no,no,yes,470679.22
589,5,1,2,0,no,yes,no,no,no,420412.28
1141,2,2,1,1,yes,yes,no,no,no,398633.32
2719,1,3,2,2,yes,no,no,yes,yes,599668.86
1534,5,3,1,2,yes,yes,yes,yes,no,725625.78
3307,3,1,1,2,yes,no,no,yes,yes,471860.91
3813,3,3,2,2,yes,no,no,no,no,501440.4
3969,5,3,3,2,yes,no,no,no,no,601031.63
1263,3,3,2,0,yes,yes,no,yes,yes,665657.91
2344,5,2,2,1,yes,no,yes,no,yes,589193.31
2230,2,2,3,0,no,no,no,yes,no,448105.17
2315,2,1,2,0,yes,yes,no,no,no,336106.74
3852,2,2,3,1,yes,no,no,no,yes,482111.49
536,5,3,2,1,yes,yes,no,yes,no,723625.9
3287,1,3,3,0,no,yes,yes,yes,yes,569930.36
1682,5,3,2,0,yes,no,yes,yes,yes,724912.86
3622,1,3,2,0,yes,no,no,no,no,371575.86
2433,3,3,3,1,yes,yes,no,yes,yes,726211.78
1137,2,2,3,1,no,no,yes,no,no,415639.63
1474,3,3,2,1,yes,no,no,yes,no,534738.85
2680,3,1,1,2,no,no,no,yes,no,360294.82
2394,5,2,1,2,no,no,no,no,yes,513833.11
1914,3,2,3,1,yes,yes,no,yes,no,590758.1
3876,5,3,3,2,yes,no,no,yes,no,745031.83
2758,4,1,3,1,yes,no,no,no,yes,481523.0
519,3,2,1,2,no,no,no,yes,yes,529638.72
3390,2,2,1,1,yes,no,no,no,yes,379104.19
1902,4,3,3,2,no,yes,no,yes,no,657203.7
3505,3,2,1,0,no,no,yes,yes,yes,528291.74
2136,5,3,3,2,yes,no,yes,no,no,638454.1
884,4,2,3,1,yes,no,no,yes,no,588959.26
2572,1,2,2,1,yes,no,no,yes,no,400215.32
2212,1,2,2,2,yes,no,yes,no,yes,385295.62
2993,3,1,1,2,yes,no,no,no,no,341935.49
3851,2,2,3,1,yes,no,no,no,no,406907.27
1624,3,2,3,1,yes,no,yes,no,no,480584.47
2516,1,1,1,2,yes,no,no,no,no,231696.9
2493,4,1,2,0,yes,yes,no,no,no,406547.69
2014,2,2,2,2,yes,no,no,no,yes,445869.82
2026,2,1,2,1,yes,no,no,yes,no,375196.49
3801,5,2,2,0,yes,no,no,no,yes,532125.56
2584,3,3,1,0,yes,no,yes,no,no,468080.32
2850,2,2,3,2,no,no,yes,yes,no,477934.36
3989,3,2,1,2,yes,no,no,yes,no,487919.24
1728,2,3,2,0,yes,no,no,yes,yes,543901.21
3441,5,3,1,2,no,no,yes,yes,no,651266.02
1055,4,3,2,1,yes,no,yes,yes,no,624808.2
523,1,1,3,1,yes,no,no,yes,no,284116.81
2792,2,1,2,2,yes,no,no,yes,yes,436340.11
2622,5,1,1,1,yes,yes,no,yes,no,555776.57
840,1,2,1,1,yes,yes,no,yes,yes,461012.08
2372,5,1,3,1,yes,yes,no,yes,no,609380.21
3672,1,3,1,0,yes,no,no,yes,no,458515.72
750,2,2,2,0,no,no,yes,no,yes,384909.75
3157,1,2,2,2,yes,no,no,yes,no,412751.13
957,2,2,3,2,yes,yes,no,yes,no,532951.58
2577,1,1,2,1,yes,yes,no,no,no,273249.01
1907,3,2,2,1,no,no,no,yes,no,413291.8
1040,3,2,2,1,yes,yes,no,no,yes,535620.71
2342,3,2,2,0,yes,yes,no,yes,yes,626262.17
3744,4,1,1,1,yes,yes,no,yes,yes,534334.0
1477,1,3,1,1,yes,no,no,no,yes,402560.59
3556,5,1,1,0,no,no,no,yes,no,467215.75
3563,2,3,1,1,yes,no,yes,yes,yes,588237.14
3492,4,3,1,2,yes,yes,yes,yes,no,674536.45
2461,5,3,3,0,yes,no,no,yes,no,699745.6
1471,3,1,2,2,yes,no,yes,no,no,376407.49
2772,4,2,2,0,no,no,yes,yes,yes,589096.84
3828,2,3,2,2,yes,no,no,no,no,458297.73
1085,4,3,2,0,yes,no,no,no,no,530605.49
2663,3,2,1,2,yes,no,no,no,no,412817.44
3226,1,3,2,2,yes,no,no,no,no,396052.02
3375,4,2,1,1,no,no,no,yes,yes,538798.45
3532,5,2,3,2,yes,yes,yes,yes,no,769452.19
2256,5,3,3,2,no,no,no,no,yes,619479.26
2670,3,3,1,0,yes,no,yes,yes,yes,637055.04
598,5,2,1,1,yes,no,no,no,no,480601.16
1570,1,1,3,2,no,yes,no,yes,yes,448171.82
1483,5,3,2,2,yes,no,no,yes,no,689233.18
549,2,1,1,0,yes,no,no,no,yes,283726.48
2868,3,3,3,1,yes,no,yes,yes,no,633735.42
1232,5,3,3,1,yes,yes,no,yes,yes,796140.5
2245,1,3,2,2,yes,no,no,yes,no,476086.25
2664,4,3,1,0,yes,yes,no,yes,no,617256.8
1479,5,3,1,0,no,yes,no,yes,yes,703961.32
3000,4,3,1,0,yes,no,no,yes,no,590606.03
911,5,1,2,2,yes,yes,yes,no,no,541420.14
3608,3,3,1,1,no,no,yes,no,no,470654.41
3092,5,2,1,2,no,no,no,yes,yes,620331.99
1331,2,3,2,0,yes,yes,no,no,yes,510219.07
2511,1,1,3,1,yes,no,no,no,no,245745.07
1481,5,3,3,2,yes,no,no,yes,no,725290.01
1421,2,2,2,2,yes,no,no,yes,yes,513045.73
3057,4,2,3,2,no,no,yes,yes,yes,663187.77
2968,3,1,2,2,yes,no,no,no,no,374541.17
729,4,2,1,0,yes,yes,no,no,yes,559759.11
1571,5,2,1,0,no,yes,no,no,no,472685.44
2961,1,2,3,2,yes,no,no,yes,no,442869.94
1519,4,2,2,2,yes,no,yes,no,no,534233.85
3742,2,3,1,2,yes,no,no,no,no,440783.62
790,3,3,3,2,no,no,no,yes,yes,623217.99
2924,2,1,3,1,yes,no,yes,no,no,372610.97
3088,1,1,2,1,no,yes,yes,no,no,297187.21
2357,5,1,3,2,yes,no,no,yes,no,595776.74
3968,5,3,3,0,yes,no,no,no,no,602400.26
2827,2,1,3,2,no,no,no,no,no,294647.91
3718,2,3,3,2,yes,no,no,no,no,494781.71
1487,2,3,2,0,no,no,no,yes,no,420821.29
3154,5,3,2,1,yes,yes,yes,no,no,686644.96
1997,4,2,2,2,yes,no,yes,yes,yes,662001.75
3894,3,3,1,2,no,no,no,yes,no,496159.9
3208,2,1,1,0,yes,no,yes,yes,no,350014.1
2409,5,2,3,1,yes,no,no,no,no,507967.03
1566,5,2,1,1,yes,no,no,yes,no,527073.01
1061,5,2,1,0,yes,no,no,no,no,483351.26
3153,5,1,2,0,no,no,yes,no,no,412720.23
3454,2,3,1,0,yes,yes,yes,no,no,464722.4
2037,2,3,3,2,no,no,no,no,yes,519553.47
3539,3,2,3,2,no,no,no,yes,no,520848.91
3174,3,1,1,2,no,no,yes,no,no,329127.79
3822,2,1,3,2,no,no,no,yes,no,399324.55
1504,4,2,1,1,yes,yes,yes,yes,no,547084.66
1698,2,1,1,0,no,no,no,no,no,207912.91
3831,2,2,1,0,yes,no,no,yes,no,399484.18
3001,2,3,2,1,yes,yes,yes,yes,yes,647917.18
3856,5,3,3,2,yes,no,no,yes,no,729149.06
1600,2,3,2,0,yes,no,no,yes,no,490732.55
3931,1,2,1,2,yes,no,no,no,no,312527.05
1345,5,1,1,2,yes,no,no,no,no,411992.05
2576,3,3,3,0,yes,no,no,yes,no,585585.71
2057,3,1,3,1,no,yes,yes,no,no,442297.47
3867,5,3,1,0,yes,no,no,no,no,532799.64
616,3,1,3,2,yes,no,no,no,no,364572.46
547,4,1,1,0,yes,no,no,no,no,314262.88
1658,5,1,3,1,yes,no,no,no,no,465906.31
2496,5,3,2,2,yes,no,no,no,yes,694887.73
2980,2,3,2,2,yes,no,no,no,no,429890.18
799,2,2,3,1,yes,no,no,no,no,400438.58
552,4,2,3,2,yes,no,no,no,no,502429.39
3677,5,1,2,2,yes,no,no,no,no,469603.16
1092,4,1,2,0,yes,no,no,yes,yes,505569.82
612,5,1,3,0,no,no,no,no,yes,471866.12
2313,1,1,3,2,yes,no,no,no,yes,345015.47
1640,3,3,1,0,yes,yes,yes,yes,yes,635076.44
3316,2,3,2,1,yes,no,no,no,no,454725.78
2215,1,1,1,1,yes,no,no,yes,no,267597.48
1132,2,3,1,2,no,no,no,yes,no,470461.74
1094,1,3,2,1,yes,no,no,no,yes,448524.5
3671,4,3,1,0,yes,no,yes,yes,no,560724.48
1900,4,3,3,1,yes,no,no,yes,no,677071.75
2297,4,1,1,1,yes,no,no,yes,yes,509177.68
590,1,1,3,2,no,no,no,no,yes,330154.99
2025,2,1,2,2,yes,no,no,no,no,306674.16
2584,1,2,2,0,yes,no,no,no,no,275848.05
2499,4,3,2,0,no,no,no,yes,yes,599904.34
2113,5,2,3,1,no,no,yes,yes,yes,679434.57
2510,5,1,1,1,yes,no,yes,yes,no,518821.02
3204,1,1,2,1,yes,no,yes,no,no,293318.13
2934,2,1,1,1,yes,yes,no,yes,yes,471217.53
3340,1,2,3,1,no,no,yes,no,no,395129.73
1506,1,1,2,0,yes,no,no,yes,yes,347239.19
3104,2,2,2,2,yes,no,no,no,yes,442453.52
2367,2,3,2,0,yes,no,no,yes,yes,586355.97
3173,2,3,2,1,no,no,no,yes,no,502620.37
2840,1,1,1,1,yes,yes,no,no,yes,343202.99
2684,1,1,3,0,yes,no,no,yes,no,356215.76
1226,4,2,2,0,yes,no,no,no,yes,462205.88
3724,1,3,3,0,yes,yes,no,no,yes,512170.7
3984,5,2,2,1,no,no,yes,yes,no,608431.43
2495,3,2,2,0,yes,yes,no,no,yes,479809.99
3609,3,1,1,2,yes,no,no,no,yes,388514.15
3210,1,3,1,0,no,yes,no,no,no,379369.69
1438,1,1,3,2,yes,yes,yes,yes,no,447280.12
832,2,1,2,1,yes,yes,no,no,no,340357.64
1555,2,1,3,0,no,yes,no,no,no,307592.29
2870,2,3,2,2,no,no,no,yes,no,507980.04
834,1,3,3,2,yes,yes,yes,no,no,503782.81
2430,5,3,3,2,yes,no,yes,yes,yes,801951.3
2534,3,1,2,2,no,yes,no,no,no,369395.65
2659,3,3,3,0,yes,yes,no,no,no,542252.8
2607,3,1,3,2,no,no,no,no,no,357575.13
2773,4,1,3,0,yes,no,no,no,no,408905.1
3796,3,1,3,1,yes,no,yes,no,yes,461306.26
3370,4,2,2,0,yes,no,no,yes,yes,587741.02
1292,1,2,2,2,yes,yes,no,yes,no,466470.75
1442,5,2,1,0,no,no,no,no,no,467828.8
858,5,2,3,2,yes,yes,no,no,no,597173.02
898,4,1,1,0,no,no,no,yes,no,394792.71
2912,2,1,2,0,no,yes,no,yes,no,382604.51
2399,5,3,2,1,no,no,no,no,no,528803.45
2951,3,1,2,2,no,no,yes,no,yes,432131.48
878,3,1,2,0,no,no,yes,yes,no,379295.48
747,4,2,1,1,yes,no,no,no,no,424127.97
1834,5,1,1,0,no,yes,no,no,no,403994.59
3877,2,1,1,1,yes,no,yes,yes,yes,443812.93
1827,3,2,3,2,yes,yes,no,yes,no,578120.82
2640,5,3,2,0,yes,yes,yes,no,no,655929.19
1179,5,2,3,0,no,no,no,yes,no,564735.75
2352,5,1,2,2,yes,yes,no,yes,no,604162.44
3200,5,1,1,2,yes,no,no,no,yes,477448.82
2773,3,2,2,1,no,no,no,no,yes,432892.75
2314,5,2,3,1,yes,no,yes,yes,yes,726737.96
2270,3,3,3,2,yes,yes,no,no,no,588798.15
3072,4,3,3,2,yes,no,no,no,yes,636923.79
2327,2,3,3,0,no,yes,yes,no,no,458633.12
3814,4,2,1,0,no,no,yes,yes,yes,552214.15
1622,3,3,2,1,no,no,no,no,yes,505362.14
1644,1,1,1,0,yes,no,no,yes,no,286731.77
2978,2,2,2,0,yes,yes,no,yes,no,471147.65
2479,1,1,1,0,yes,no,yes,yes,yes,370442.74
693,2,1,1,2,yes,no,yes,no,yes,392271.44
3201,2,1,1,0,yes,no,no,yes,yes,380873.43
1490,1,1,3,2,yes,no,no,yes,yes,449995.08
1606,3,2,1,2,yes,no,no,no,no,409373.56
2625,3,2,2,0,no,no,no,yes,no,464361.37
3260,3,2,1,0,no,no,no,yes,no,408849.36
2457,5,1,1,0,no,yes,no,yes,no,509343.39
2679,4,2,2,2,yes,no,yes,yes,no,638124.62
921,5,1,2,0,yes,yes,no,no,no,464605.42
1625,3,2,3,2,yes,no,no,no,no,489165.54
1573,4,3,3,2,no,no,no,yes,yes,695875.98
1607,1,3,1,0,yes,no,no,yes,no,401859.53
2779,1,1,3,2,yes,no,yes,yes,yes,425996.1
3185,5,1,3,2,yes,no,no,no,no,476105.98
2311,1,3,1,2,yes,yes,no,yes,yes,574184.25
3850,1,3,3,0,yes,no,no,no,yes,443329.52
2833,3,3,2,0,yes,no,no,no,yes,562734.03
2646,3,2,1,1,yes,no,yes,yes,no,468598.24
2484,3,1,1,1,yes,no,no,yes,yes,502341.16
2941,5,3,2,2,yes,no,no,no,no,600554.38
3109,5,1,1,0,yes,no,no,no,no,402903.66
992,2,1,1,2,no,no,yes,yes,no,395140.95
2778,3,1,3,0,yes,yes,no,yes,yes,584769.71
1091,2,3,1,0,no,no,no,yes,yes,477427.86
2058,3,3,3,2,yes,yes,no,yes,yes,702890.17
2510,4,2,2,2,yes,no,yes,yes,no,608757.01
637,4,3,2,2,yes,no,yes,yes,no,686980.15
3356,2,3,1,2,yes,no,no,yes,no,442234.12
1787,4,3,2,1,yes,no,no,yes,yes,657962.69
865,4,2,2,1,yes,no,yes,yes,yes,622556.84
2465,4,2,2,2,no,no,no,yes,no,541343.04
1976,1,2,2,0,no,no,no,yes,no,339312.56
3074,4,1,1,1,yes,yes,no,yes,no,493097.16
2942,3,1,1,1,yes,yes,no,no,no,380584.94
2160,5,2,3,0,no,no,no,yes,no,595757.43
2423,1,1,3,1,yes,no,no,no,no,286274.2
1479,1,3,2,1,no,no,yes,no,no,377281.05
2247,4,1,3,1,no,no,yes,yes,no,509626.49
2892,1,1,3,1,no,no,no,yes,yes,375009.45
1386,1,2,2,2,yes,no,no,yes,yes,459952.43
537,3,3,2,2,no,no,no,no,no,447130.59
1355,2,1,1,0,no,no,yes,yes,yes,378823.49
1466,2,2,2,0,yes,no,no,no,no,332407.87
2510,4,1,1,2,yes,no,no,no,yes,466851.59
1803,5,3,3,1,yes,no,yes,no,no,640032.77
2205,1,2,2,0,no,no,no,yes,yes,387045.68
3052,3,1,3,0,yes,no,no,yes,yes,484782.86
1869,5,3,2,0,no,no,no,no,no,553414.58
3490,5,1,3,0,yes,yes,no,yes,no,613549.59
1347,2,2,1,0,yes,no,no,yes,no,366284.41
1912,4,1,1,1,yes,no,yes,yes,no,474549.93
1375,3,1,1,0,yes,yes,yes,no,no,399842.97
2151,5,2,1,1,yes,no,yes,yes,no,644515.75
1282,2,2,3,0,no,no,no,no,no,327035.49
3727,5,3,2,1,no,no,no,yes,yes,656655.24
661,3,2,1,0,yes,no,no,no,no,362058.26
2270,4,2,3,2,yes,no,yes,no,no,575868.45
505,5,1,3,1,yes,no,yes,yes,yes,655697.0
2091,3,1,1,2,no,no,yes,no,no,330367.26
3082,3,3,3,0,no,no,no,yes,no,486054.65
2182,4,1,3,2,yes,no,no,no,no,482249.03
2347,3,2,2,0,yes,yes,yes,yes,yes,603874.15
3142,3,2,1,0,yes,no,no,yes,no,441412.56
3915,3,1,3,1,yes,no,yes,no,yes,497332.32
3368,1,2,2,1,yes,no,no,no,no,326219.21
1451,4,3,1,1,yes,no,yes,no,yes,591892.03
1355,3,1,3,2,yes,no,yes,no,no,403648.34
2266,1,1,1,1,yes,yes,no,no,no,296507.23
2266,5,2,1,1,yes,no,no,yes,no,551615.57
1147,1,2,3,1,yes,no,yes,no,no,348106.47
3554,2,2,1,1,no,no,no,no,yes,389333.97
2067,2,2,1,1,yes,no,yes,no,no,358954.78
1622,1,2,3,2,yes,yes,no,yes,no,514656.06
3624,5,3,1,2,yes,no,no,no,yes,620741.06
2308,5,1,3,2,yes,no,no,yes,no,566348.1
1487,2,2,3,0,yes,yes,yes,yes,no,565812.24
2911,1,3,1,2,no,no,no,yes,no,439923.14
3643,3,2,3,0,yes,yes,no,yes,no,535375.82
2244,5,1,1,1,yes,no,no,no,no,414190.64
1335,3,1,1,0,no,no,yes,no,no,295749.95
1254,1,3,2,2,yes,no,no,no,no,390929.5
1842,1,1,2,2,yes,yes,no,yes,no,395314.65
2911,3,2,3,2,yes,no,no,no,yes,525731.56
1600,3,3,1,1,yes,no,no,yes,no,509438.46
2177,1,1,2,0,yes,no,no,no,no,216607.54
3521,1,3,3,0,yes,yes,no,yes,yes,593633.78
2899,4,2,2,2,yes,yes,no,no,no,552055.26
2509,1,2,2,0,no,no,yes,yes,no,351018.69
1129,5,3,1,0,yes,no,no,no,no,514656.02
3237,2,1,3,1,yes,no,no,no,yes,393517.45
1560,4,1,2,1,yes,no,no,yes,no,456082.31
1357,5,3,2,0,yes,yes,no,no,no,568960.82
3998,3,1,1,2,yes,no,no,no,yes,445062.8
3445,3,2,3,0,no,no,no,no,no,417628.63
3323,2,1,1,1,yes,yes,no,yes,yes,519455.16
3321,5,3,1,1,no,no,yes,no,no,565843.07
2524,4,1,1,2,yes,no,no,no,no,403531.34
1956,1,2,2,2,no,no,no,no,no,257179.36
1976,3,3,3,0,yes,no,no,no,yes,568826.62
3715,3,3,2,2,no,no,yes,yes,yes,602113.52
3964,3,2,1,1,no,no,no,no,no,367947.23
3140,2,2,2,1,no,no,yes,no,no,368408.8
1243,2,1,1,1,yes,no,yes,no,no,270010.63
3306,2,2,2,1,yes,no,yes,yes,yes,522853.51
2278,2,2,2,0,yes,no,no,yes,no,436426.83
3284,3,2,2,1,yes,yes,yes,no,yes,543095.1
3757,2,1,3,0,no,yes,no,yes,yes,484225.95
3468,4,3,2,2,no,no,no,yes,no,625553.79
3574,2,2,1,2,yes,no,no,no,no,350349.69
877,1,3,3,1,no,no,yes,yes,no,483191.53
2859,4,1,1,1,no,no,yes,yes,no,438039.73
3594,3,2,2,2,no,no,no,yes,no,511016.68
844,5,3,1,2,no,no,no,yes,no,596271.33
3966,2,3,2,0,no,no,yes,no,yes,485293.96
2212,5,1,1,2,no,no,yes,yes,no,540230.58
1359,2,1,2,0,no,yes,no,yes,no,359509.99
2354,2,1,2,1,yes,yes,yes,no,no,380715.93
1648,1,2,3,0,no,no,yes,yes,no,414156.93
1607,3,2,2,1,yes,no,no,yes,no,513081.28
3481,5,1,2,1,yes,no,no,yes,no,523885.98
2383,5,1,1,2,no,no,yes,no,no,457313.54
3540,5,2,2,1,no,no,no,yes,no,551201.55
2349,3,2,3,2,yes,no,no,no,yes,547014.28
1560,5,1,1,2,yes,yes,no,yes,yes,649976.96
1760,4,2,3,1,no,yes,yes,yes,no,631266.38
1951,5,2,2,1,yes,no,yes,no,no,532603.67
3560,2,2,1,0,yes,no,no,yes,no,402942.9
1237,2,3,1,1,no,yes,no,no,no,426534.26
1213,1,3,1,2,yes,yes,no,no,no,445316.54
3785,3,3,2,0,yes,no,no,no,yes,523948.04
2980,3,2,2,0,yes,no,no,yes,no,490336.3
2564,2,1,1,0,yes,no,no,yes,no,349696.16
2694,4,1,1,2,no,no,no,yes,no,437004.63
2978,2,1,1,2,yes,no,no,yes,no,382059.89
2708,1,2,3,2,yes,yes,yes,yes,no,541647.29
3525,1,2,2,2,yes,no,no,yes,yes,491128.57
3847,1,3,1,0,no,no,no,no,no,324900.32
723,4,2,3,1,yes,no,no,yes,yes,617994.56
3636,4,1,3,0,yes,no,yes,no,no,447980.96
2556,3,2,1,2,yes,yes,no,yes,no,548120.21
3927,5,2,3,1,no,yes,no,no,no,535147.58
1477,3,3,2,2,no,no,yes,no,yes,540673.94
3175,3,2,3,1,yes,yes,no,no,yes,558769.97
3434,2,3,2,2,yes,no,no,yes,yes,603099.86
685,1,1,2,2,yes,no,no,no,yes,322419.11
3951,4,2,3,2,no,no,yes,no,no,499131.84
2287,3,2,1,0,yes,no,no,yes,no,429145.89
3770,2,3,3,0,yes,no,yes,yes,no,526627.94
1419,1,3,2,2,yes,no,yes,no,no,391046.64
3389,2,1,1,0,yes,no,no,no,yes,314218.12
3901,1,2,2,2,yes,no,no,yes,yes,491278.45
2966,4,2,3,0,yes,yes,no,no,no,552725.26
840,2,2,2,0,no,no,no,yes,no,395029.89
2674,3,2,2,2,no,no,no,yes,no,459466.8
2468,4,1,3,0,no,no,no,no,no,347777.33
1626,2,3,1,2,yes,no,yes,yes,yes,596633.66
1548,2,1,3,1,no,no,no,no,no,263774.21
3392,5,3,2,0,no,no,yes,no,no,559424.47
3850,5,1,1,2,no,no,no,yes,no,451847.49
719,3,3,1,1,no,no,no,no,yes,456573.14
2328,4,2,2,1,no,no,yes,yes,yes,643147.14
3414,2,2,1,0,no,yes,yes,yes,yes,513168.84
2084,5,2,1,2,yes,no,no,yes,yes,662569.91
2968,4,1,2,2,yes,yes,no,yes,no,530356.0
881,2,2,3,2,yes,no,yes,yes,no,539584.76
1563,4,3,1,1,yes,yes,no,no,yes,626136.35
2319,1,3,3,1,no,yes,no,yes,no,487761.05
1176,1,1,1,0,no,yes,yes,yes,no,309199.9
3257,1,2,2,1,no,no,no,yes,no,353139.88
1959,3,1,1,0,no,yes,no,no,yes,385500.04
796,4,3,3,2,no,yes,no,yes,no,644768.89
3531,1,2,1,0,yes,no,no,yes,no,362755.95
3186,2,2,1,0,yes,no,no,no,no,339071.73
3183,3,1,3,0,yes,no,yes,no,yes,410661.76
1088,4,2,1,2,yes,no,yes,no,yes,544924.02
3646,3,1,2,0,yes,no,yes,no,yes,406625.95
2654,4,3,3,2,no,no,no,yes,no,658112.44
1988,5,1,1,0,yes,no,no,no,no,342280.37
3081,3,1,1,0,yes,no,no,yes,no,365092.16
3407,1,3,3,2,yes,no,no,no,no,481656.79
3549,1,1,1,1,yes,no,no,no,no,205625.74
3420,1,3,1,0,yes,no,no,yes,no,433276.72
3787,5,1,1,0,yes,yes,no,no,no,451270.87
3732,3,3,2,2,yes,no,no,no,no,553826.92
2733,1,3,2,0,yes,no,no,no,no,379154.67
3729,2,2,1,1,yes,no,no,no,yes,422968.67
2478,3,2,3,0,yes,no,yes,yes,no,509520.27
3670,4,2,2,0,yes,no,no,no,yes,508613.51
3478,5,3,1,1,no,no,yes,no,yes,620303.47
3461,1,3,1,1,yes,yes,no,yes,no,492646.71
3977,3,2,2,2,yes,no,no,no,no,458281.34
1929,4,3,1,2,no,no,no,yes,no,545679.65
2593,2,1,1,0,no,no,no,no,yes,259123.57
2660,4,2,3,1,yes,no,yes,no,yes,590738.08
1139,5,1,2,0,no,no,no,yes,no,451191.79
1454,1,1,2,0,yes,no,no,no,no,204469.9
3647,5,1,3,0,yes,no,yes,no,no,525093.9
2204,5,1,2,0,yes,no,yes,yes,no,573526.85
2660,4,1,3,2,yes,no,yes,no,no,451311.09
1737,3,1,2,2,yes,no,no,yes,no,468145.42
2243,5,1,2,2,yes,no,yes,yes,no,562108.71
3906,2,3,2,2,no,yes,no,yes,no,571569.2
2619,4,1,2,2,yes,yes,no,yes,yes,628456.77
2227,2,1,3,2,yes,yes,no,yes,no,472302.62
3365,5,3,3,0,yes,no,no,no,no,607103.95
2206,2,3,3,1,no,no,no,no,yes,507492.55
1134,5,3,1,0,yes,no,no,yes,no,601260.99
3308,2,2,3,1,no,no,no,no,yes,405732.69
3026,4,1,1,0,yes,no,no,yes,no,455524.83
1765,2,3,1,2,yes,no,no,yes,no,526965.42
3638,4,1,1,1,yes,no,no,yes,no,441407.55
2566,4,3,3,1,yes,no,no,yes,no,649036.75
1797,3,3,2,0,no,no,no,no,no,437461.27
3744,4,1,3,2,yes,yes,yes,no,yes,588498.59
3949,5,3,2,1,no,no,no,no,yes,620563.45
1635,4,3,3,0,yes,no,yes,no,no,559989.33
1954,4,3,3,2,yes,no,no,yes,no,660399.76
2564,4,3,2,2,yes,no,no,yes,no,616772.43
2455,3,3,3,1,yes,no,no,no,no,523070.44
3763,2,3,1,2,no,no,no,no,yes,451445.33
3714,5,1,3,2,yes,no,no,no,yes,551981.33
1329,5,3,2,0,yes,yes,yes,yes,no,765038.47
1950,4,1,1,1,yes,no,yes,no,no,384485.21
3960,1,1,3,0,yes,no,no,no,no,271793.97
2885,3,2,1,2,yes,no,yes,yes,no,511123.85
2193,1,3,3,2,yes,no,no,no,no,434008.87
2401,3,1,1,0,yes,no,yes,yes,no,394928.22
3912,1,1,3,2,no,no,yes,yes,yes,418232.53
607,2,2,3,0,yes,yes,no,yes,no,511990.23
1081,5,1,2,2,yes,no,no,yes,yes,618665.53
2727,5,3,2,2,no,no,no,yes,no,625752.63
2008,3,1,1,1,no,no,no,yes,no,344478.47
3911,2,2,2,1,yes,no,no,yes,no,452521.4
1924,5,1,2,1,yes,no,yes,no,no,491196.05
1895,1,2,2,0,yes,yes,no,no,yes,411634.53
3623,4,3,3,0,yes,no,no,no,no,574061.05
700,3,3,2,2,yes,no,no,no,yes,582737.55
519,3,2,3,0,no,yes,yes,yes,no,518844.7
1340,1,3,1,2,yes,no,yes,no,yes,428395.69
2663,4,3,2,0,yes,yes,no,no,yes,570074.86
1247,5,1,3,1,no,no,no,yes,no,528958.42
2994,1,2,3,0,no,no,yes,no,no,321526.7
2060,4,1,2,0,yes,no,yes,yes,no,472682.32
2853,5,3,1,2,yes,no,no,yes,no,666493.28
3200,5,3,2,0,yes,yes,no,yes,yes,748813.2
2414,4,1,2,0,no,no,yes,yes,no,429126.79
3485,1,2,1,2,no,no,yes,yes,yes,460892.02
2792,3,2,1,2,yes,no,no,no,no,425014.76
1403,1,3,3,1,no,no,yes,yes,no,500386.2
2942,5,1,3,1,yes,no,no,yes,no,587438.58
1463,4,3,1,2,yes,no,yes,yes,yes,724688.0
529,2,3,3,1,no,yes,no,yes,yes,593886.43
2459,4,3,3,0,yes,no,yes,no,no,555935.77
1117,5,2,1,0,yes,no,yes,yes,yes,631264.08
1632,3,1,2,2,yes,yes,no,yes,no,513503.34
3329,4,1,3,2,yes,yes,no,yes,yes,656357.68
2686,3,1,2,1,no,no,no,no,no,336398.62
2457,2,1,3,0,yes,no,no,no,yes,366621.31
2482,3,2,1,1,yes,yes,no,yes,no,473122.34
2547,1,2,3,0,yes,no,no,no,no,327172.8
1175,2,3,3,2,yes,no,no,no,yes,558388.44
830,4,1,2,1,no,no,no,no,no,336254.54
2346,2,3,1,1,no,no,no,yes,no,454132.94
2504,3,3,2,0,yes,no,yes,yes,no,612737.93
2615,1,1,2,0,yes,yes,no,yes,no,352159.71
556,2,2,1,0,yes,yes,no,no,no,356045.59
1701,3,1,2,0,yes,no,no,yes,yes,467722.82
663,1,2,2,0,yes,no,no,yes,no,375167.97
542,2,3,3,1,yes,no,no,no,yes,533002.59
3339,2,3,2,2,yes,no,no,yes,no,547253.71
2985,2,2,2,1,no,no,yes,no,yes,409960.32
1462,5,3,2,2,no,no,yes,no,yes,678725.03
3173,5,1,2,1,yes,no,no,yes,yes,592165.27
2393,1,3,1,0,no,no,no,no,no,279490.3
2065,1,3,3,0,yes,no,no,yes,no,473075.53
3058,1,3,1,0,no,no,no,yes,no,395086.7
2168,3,2,2,1,no,no,no,yes,no,477172.73
1007,5,3,3,0,yes,no,yes,no,no,669715.04
3450,4,2,2,2,yes,yes,no,no,no,529462.87
2542,2,2,2,0,yes,no,no,yes,yes,505863.79
2561,3,1,3,0,yes,yes,yes,no,no,433344.13
616,2,2,1,2,no,no,yes,yes,no,433637.37
1834,2,1,2,2,no,yes,yes,yes,yes,493634.45
1793,1,2,1,0,yes,yes,no,yes,no,414517.45
3581,2,2,2,2,yes,yes,no,no,no,439431.67
1578,3,3,3,2,yes,no,no,no,no,578176.26
2073,3,1,2,1,no,no,yes,no,yes,419368.11
560,4,3,3,1,no,no,no,no,yes,589938.43
1634,5,3,1,1,yes,yes,no,yes,no,697853.03
1140,2,3,2,0,no,yes,no,no,no,432458.55
3563,5,3,1,0,yes,yes,no,yes,no,655047.21
3084,2,2,3,0,yes,no,no,yes,no,451115.79
1039,1,1,2,2,yes,no,no,yes,no,320901.77
2957,2,1,1,2,yes,no,no,no,no,307502.21
1057,5,2,1,1,no,no,no,no,no,416950.64
2038,5,2,1,1,yes,no,no,yes,yes,615739.18
911,3,1,2,1,yes,no,yes,yes,no,414976.15
3968,2,1,3,0,yes,no,no,no,no,324444.55
3454,5,2,3,1,yes,no,yes,yes,yes,700628.58
3453,5,1,3,2,no,no,yes,yes,yes,614774.69
810,2,2,2,1,yes,no,no,no,no,363160.16
2203,1,2,3,2,yes,no,no,no,no,344874.26
2256,1,2,2,0,yes,yes,yes,no,no,369006.3
597,3,3,1,2,yes,no,no,no,no,471830.17
3710,5,2,2,2,yes,no,no,no,yes,586987.23
2746,5,1,2,2,yes,yes,no,no,yes,562183.85
1775,2,1,1,0,yes,no,no,yes,yes,398548.71
541,2,3,3,1,yes,no,no,no,no,466727.91
1232,3,2,3,2,yes,no,no,yes,yes,608064.02
1370,3,2,2,1,yes,no,no,no,no,418323.97
3074,5,2,2,1,yes,no,yes,yes,no,599074.79
1946,1,1,3,1,yes,no,yes,no,yes,371389.18
2155,1,1,2,2,no,no,yes,no,no,221115.82
652,3,2,2,2,yes,yes,no,yes,no,530516.54
1706,2,2,2,1,yes,no,no,yes,no,439319.84
3803,3,3,1,2,no,no,no,yes,yes,575002.84
3463,2,3,2,0,no,yes,no,yes,yes,564470.52
2577,2,1,3,2,yes,yes,no,yes,no,451499.84
3080,5,2,3,0,yes,no,no,yes,yes,649658.01
2657,3,2,1,1,no,no,yes,no,yes,469379.76
1967,4,3,1,0,yes,no,no,yes,no,582713.75
2503,5,1,2,2,no,no,no,yes,no,518430.06
3981,1,1,2,2,yes,no,no,no,no,277377.95
2716,1,1,2,0,yes,no,no,yes,no,294639.86
2532,3,2,2,1,yes,no,yes,yes,no,512873.78
3358,5,3,3,1,no,no,no,no,no,577892.13
3822,2,1,3,2,no,no,no,yes,no,383751.83
2637,1,2,3,1,no,no,yes,no,no,327085.09
1082,1,2,3,0,yes,no,no,yes,no,398601.6
2472,4,1,2,2,yes,no,no,no,yes,466728.66
2914,5,2,3,1,yes,no,yes,no,yes,616091.45
2586,5,1,1,0,yes,yes,no,yes,no,540490.08
3035,1,1,3,1,yes,no,no,no,no,289285.6
3676,2,3,3,2,yes,no,no,no,no,473795.17
2624,2,2,1,2,yes,yes,yes,no,no,449199.05
1526,2,1,3,2,no,no,yes,yes,no,405519.76
1131,3,3,1,2,yes,no,no,no,no,500112.17
1758,3,3,3,1,no,no,no,no,no,458541.26
1083,3,3,1,2,yes,no,yes,yes,no,580339.11
820,2,1,3,2,yes,no,no,yes,no,444798.56
2290,3,2,2,0,no,no,no,yes,no,449642.25
1778,3,1,3,1,yes,no,no,no,yes,428258.93
654,1,3,3,1,yes,yes,no,yes,no,543083.06
1524,1,3,1,2,yes,yes,no,no,no,423174.03
2894,3,3,2,1,no,no,no,yes,no,539764.72
3455,5,1,2,0,no,no,yes,yes,no,469679.04
3910,3,1,2,1,no,no,no,yes,no,405447.62
3384,2,1,3,2,yes,no,yes,yes,no,441890.55
2372,3,3,2,1,yes,no,no,yes,no,551052.9
3933,5,1,2,2,no,no,yes,yes,no,532114.8
3257,5,1,1,1,yes,no,no,no,no,446746.62
3905,2,2,3,0,yes,no,no,no,no,351747.85
3787,5,1,1,0,no,no,no,yes,no,454987.25
3111,5,1,3,0,no,no,no,no,no,428087.61
1771,5,2,2,2,yes,no,no,no,yes,593957.22
932,3,1,1,0,yes,no,no,no,yes,368485.32
2489,1,3,1,1,yes,no,no,no,no,311602.73
1330,1,1,1,2,no,no,yes,no,no,201779.89
1960,5,2,1,2,yes,yes,no,no,no,549766.74
1830,5,1,1,1,yes,no,no,no,yes,461012.55
2668,3,3,2,2,yes,no,no,yes,no,621955.2
2960,5,2,2,2,no,no,no,no,no,500083.64
3931,5,3,1,1,yes,no,no,yes,no,664591.77
712,5,3,2,0,yes,yes,no,yes,no,693721.13
2064,3,2,2,1,yes,no,no,no,yes,450857.52
3897,5,1,1,2,no,no,no,no,no,443146.06
2674,5,3,1,2,yes,yes,yes,no,no,635440.95
1192,1,2,2,0,yes,no,no,no,no,269923.33
2943,3,3,3,2,no,yes,no,no,no,541790.77
3238,4,3,3,2,yes,no,no,yes,no,651179.38
3711,1,1,2,2,yes,no,no,yes,no,356301.51
900,1,1,3,0,no,no,no,yes,no,266301.06
2991,1,3,1,2,no,no,yes,no,no,344163.93
658,5,2,1,1,no,no,no,yes,no,539471.57
3947,3,2,2,1,yes,no,no,yes,no,476608.47
710,5,2,2,1,yes,yes,yes,yes,no,679590.86
3784,1,3,1,2,yes,yes,no,no,no,450746.55
2143,4,2,1,0,no,no,no,no,no,339937.33
1022,5,1,3,1,yes,yes,no,yes,yes,657523.53
2558,5,1,3,0,yes,no,yes,no,no,481465.38
2655,1,2,3,2,no,yes,no,no,no,365329.99
710,2,3,3,0,no,no,no,yes,no,485003.48
3640,5,2,3,1,yes,no,no,no,yes,611455.4
3845,5,2,2,1,no,no,no,no,no,465813.82
3574,1,1,3,2,yes,no,no,yes,no,384619.61
1425,2,2,2,0,no,no,no,yes,yes,476688.41
2139,2,1,1,0,yes,no,yes,no,no,255842.13
3282,1,3,3,1,yes,no,no,no,yes,487581.18
3594,3,3,2,1,no,no,no,no,yes,502705.1
3328,1,2,3,0,yes,no,no,no,yes,391160.89
1277,3,3,1,0,yes,no,no,no,no,454484.18
3568,4,3,1,2,yes,no,no,yes,no,647334.31
1787,5,1,1,2,no,yes,no,yes,yes,555198.5
2813,4,3,1,2,no,no,no,no,no,457393.22
2603,3,1,3,0,yes,no,no,no,yes,414957.03
1261,3,3,1,2,no,yes,no,no,no,480204.64
3509,3,2,3,0,yes,no,no,no,no,446504.29
2519,3,2,3,2,no,no,no,yes,yes,588869.62
2019,2,1,1,0,yes,no,no,no,yes,276794.63
817,5,3,3,0,yes,no,no,no,no,596192.77
1999,4,2,1,1,yes,no,yes,yes,no,537928.82
3077,5,3,3,0,no,no,no,no,no,583560.23
2618,3,1,3,2,no,no,no,no,yes,426543.14
1206,1,2,3,0,yes,yes,no,no,no,383230.16
3862,5,1,3,2,yes,yes,no,yes,no,606012.63
2641,4,1,3,2,yes,no,no,yes,no,526116.84
1581,4,3,3,1,no,yes,yes,no,no,585438.87
987,2,3,3,0,no,yes,no,yes,no,525079.06
1810,4,3,1,1,yes,no,no,yes,yes,636716.62
2316,1,1,2,0,yes,no,no,no,yes,316059.76
3493,4,1,1,2,yes,no,yes,yes,yes,571958.06
2504,3,1,1,2,yes,yes,no,yes,no,541950.47
1150,2,3,3,2,yes,no,no,yes,no,558358.34
3201,1,1,1,0,yes,no,no,yes,no,274811.08
3331,4,1,2,0,yes,yes,no,yes,yes,578228.49
1958,1,3,2,0,yes,no,yes,yes,no,438210.4
2152,3,1,2,1,yes,yes,no,no,no,413202.45
1955,2,3,2,1,no,no,no,yes,no,465992.5
983,2,1,3,1,yes,no,yes,no,no,368817.91
2940,2,3,3,0,yes,no,no,no,yes,510748.04
2933,2,2,3,1,no,no,no,yes,yes,492848.87
1926,2,2,2,1,yes,no,no,no,no,385979.31
2265,1,1,1,1,yes,no,no,no,no,214975.62
2829,3,3,2,2,no,no,no,yes,no,557036.47
2751,1,2,1,1,yes,no,yes,yes,yes,469296.36
3377,2,3,2,1,yes,no,no,yes,yes,604371.23
3262,4,3,3,1,no,no,no,no,no,539058.19
1250,1,2,1,2,yes,no,no,no,no,340012.89
3381,3,1,2,0,yes,yes,yes,yes,no,496763.34
2116,1,1,3,1,yes,no,no,yes,no,367823.33
3458,1,3,2,2,no,no,no,yes,no,427453.91
2738,2,1,1,2,yes,no,yes,yes,no,414311.9
1970,1,2,2,2,no,no,yes,no,no,328993.71
3055,3,2,1,0,yes,no,no,yes,yes,497939.09
3267,2,1,3,0,yes,no,no,no,yes,361289.22
2389,3,2,3,0,yes,no,no,no,no,440866.58
2479,2,2,3,2,yes,yes,no,yes,no,507238.32
2951,4,1,1,1,no,no,no,no,yes,375849.28
613,1,1,3,2,yes,no,no,no,yes,323955.27
3130,5,3,1,2,no,no,no,no,no,535096.24
2133,3,1,2,2,yes,no,no,no,no,355393.61
1221,1,2,3,0,no,yes,no,no,no,327335.34
709,3,1,3,1,no,no,yes,no,no,365131.08
1395,4,3,2,0,no,no,yes,no,no,531224.9
1989,1,2,2,2,yes,no,yes,yes,no,440622.36
826,4,1,1,1,yes,no,yes,yes,no,469304.71
962,3,1,2,2,no,no,no,no,no,324876.67
2312,4,3,1,2,no,yes,no,no,no,546656.6
2166,4,2,3,2,yes,no,no,yes,no,589957.68
848,5,2,2,2,yes,yes,yes,no,no,602298.67
757,3,1,2,0,no,yes,no,yes,no,427716.27
3881,4,3,1,2,yes,no,no,no,yes,605037.16
567,3,1,1,2,yes,yes,no,yes,no,491426.76
598,3,1,1,1,no,yes,yes,no,no,340641.36
3768,4,1,1,1,no,no,yes,no,yes,424680.35
3526,5,3,2,0,no,no,no,no,yes,599067.07
1750,1,1,1,0,no,no,no,yes,yes,293935.6
2896,3,3,2,0,yes,no,yes,yes,no,583430.77
3554,1,2,1,1,yes,no,no,yes,yes,434591.9
