CustomerID,Age,Gender,DeviceType,TimeOnSite,PageViews,AdClicks,SessionDuration,Country,ReturningVisitor,Purchase
CUST10000,56,Female,Desktop,11.72,3,0,30.87,Germany,0,0
CUST10001,69,Female,Mobile,4.64,5,1,21.67,Germany,0,0
CUST10002,46,Female,Desktop,5.02,13,5,54.86,UK,1,1
CUST10003,32,Female,Mobile,10.21,15,9,21.05,India,0,0
CUST10004,60,Male,Desktop,15.33,14,4,27.88,UK,1,1
CUST10005,25,Male,Mobile,12.77,23,8,41.01,Germany,0,0
CUST10006,38,Male,Tablet,6.65,16,4,33.04,UK,0,0
CUST10007,56,Male,Desktop,9.18,18,1,21.47,USA,1,1
CUST10008,36,Female,Mobile,4.24,22,9,26.7,UK,0,1
CUST10009,40,Male,Desktop,2.42,22,3,47.87,India,0,0
CUST10010,28,Female,Tablet,15.87,11,8,17.41,USA,0,0
CUST10011,28,Male,Mobile,6.04,3,0,9.39,Canada,1,0
CUST10012,41,Female,Mobile,4.38,22,0,19.48,Germany,1,0
CUST10013,53,Female,Mobile,14.14,10,6,51.12,Germany,1,0
CUST10014,57,Male,Desktop,12.74,10,2,6.25,UK,0,0
CUST10015,41,Male,Desktop,13.03,21,9,59.51,USA,0,0
CUST10016,20,Male,Desktop,5.35,16,1,32.92,Canada,0,0
CUST10017,39,Male,Mobile,5.42,12,8,59.11,USA,1,1
CUST10018,19,Female,Mobile,5.2,2,2,56.4,Germany,0,0
CUST10019,41,Male,Desktop,4.3,9,1,27.72,USA,1,0
CUST10020,61,Male,Mobile,13.46,24,7,12.71,Canada,0,0
CUST10021,47,Female,Mobile,17.11,3,9,10.73,UK,1,0
CUST10022,55,Male,Tablet,14.76,24,5,15.16,India,1,0
CUST10023,19,Male,Desktop,16.05,15,5,42.9,USA,1,1
CUST10024,38,Male,Desktop,8.69,3,9,17.1,India,0,0
CUST10025,50,Male,Desktop,13.43,19,6,21.14,Germany,0,0
CUST10026,29,Male,Desktop,7.73,18,6,27.48,UK,0,0
CUST10027,39,Female,Desktop,10.98,8,5,54.88,UK,0,1
CUST10028,61,Male,Mobile,10.15,17,3,12.17,USA,0,1
CUST10029,42,Male,Mobile,4.36,8,8,1.3,UK,0,1
CUST10030,66,Male,Mobile,8.35,7,5,4.55,USA,0,0
CUST10031,44,Male,Mobile,19.31,7,3,54.38,USA,1,0
CUST10032,59,Male,Desktop,5.72,3,2,39.2,India,1,0
CUST10033,45,Female,Mobile,3.54,1,3,17.11,UK,0,0
CUST10034,33,Male,Mobile,8.95,4,2,11.45,USA,1,1
CUST10035,32,Female,Mobile,16.02,5,1,18.36,India,0,1
CUST10036,64,Female,Mobile,12.06,1,4,7.77,Canada,0,1
CUST10037,68,Male,Desktop,13.94,15,1,56.55,India,0,1
CUST10038,61,Male,Mobile,4.6,5,5,47.27,India,1,1
CUST10039,69,Male,Desktop,12.76,13,2,28.28,USA,0,0
CUST10040,20,Male,Mobile,7.15,8,5,52.03,Germany,0,0
CUST10041,54,Female,Desktop,16.85,8,9,15.72,Germany,1,1
CUST10042,68,Male,Desktop,12.96,5,8,43.31,Germany,0,0
CUST10043,24,Male,Mobile,4.78,9,0,51.51,India,1,1
CUST10044,38,Male,Desktop,2.23,1,5,22.05,USA,1,0
CUST10045,26,Male,Mobile,1.81,4,8,45.69,UK,1,1
CUST10046,56,Male,Mobile,8.06,3,3,18.41,India,0,1
CUST10047,35,Male,Tablet,6.05,2,1,18.63,India,0,0
CUST10048,21,Female,Mobile,13.28,8,3,7.32,USA,0,0
CUST10049,42,Female,Mobile,10.49,23,0,26.96,Canada,0,0
CUST10050,31,Male,Desktop,6.05,9,2,44.05,India,0,0
CUST10051,67,Male,Mobile,3.84,2,9,56.47,Canada,0,1
CUST10052,26,Male,Desktop,3.42,14,8,36.62,Canada,1,1
CUST10053,43,Female,Mobile,17.43,14,9,51.92,Germany,1,1
CUST10054,19,Male,Tablet,5.63,4,4,49.53,USA,0,0
CUST10055,37,Female,Desktop,13.38,6,5,11.23,Canada,0,1
CUST10056,45,Male,Desktop,16.4,11,2,29.66,USA,0,1
CUST10057,64,Male,Tablet,12.67,3,4,7.9,Germany,0,0
CUST10058,24,Male,Mobile,17.33,8,7,41.25,USA,1,0
CUST10059,61,Male,Tablet,8.46,3,5,57.04,India,1,0
CUST10060,25,Female,Mobile,19.17,14,3,9.09,Canada,1,0
CUST10061,64,Female,Mobile,3.53,13,1,44.3,USA,1,1
CUST10062,52,Male,Mobile,2.94,13,8,38.3,UK,0,0
CUST10063,31,Male,Desktop,13.52,2,0,35.43,USA,1,0
CUST10064,34,Female,Mobile,18.91,13,0,24.02,Canada,0,0
CUST10065,53,Female,Desktop,16.37,19,3,21.95,Germany,0,0
CUST10066,67,Female,Desktop,2.45,6,6,3.67,Germany,0,0
CUST10067,57,Female,Tablet,6.31,16,0,13.86,Canada,0,0
CUST10068,21,Male,Mobile,18.68,2,8,1.9,India,0,0
CUST10069,19,Female,Desktop,5.81,8,3,35.3,India,0,1
CUST10070,23,Male,Mobile,15.84,17,2,7.25,Germany,1,0
CUST10071,59,Female,Mobile,16.68,23,0,52.51,Germany,0,0
CUST10072,21,Female,Mobile,10.41,2,9,31.87,Canada,0,0
CUST10073,46,Female,Mobile,8.34,10,3,42.28,India,0,0
CUST10074,35,Female,Desktop,9.55,16,8,25.24,Germany,1,1
CUST10075,43,Female,Desktop,5.31,6,9,34.07,India,0,0
CUST10076,61,Male,Mobile,17.9,2,5,56.62,Germany,1,1
CUST10077,51,Male,Mobile,9.56,2,5,5.88,USA,1,0
CUST10078,27,Female,Mobile,17.77,13,0,15.98,UK,0,0
CUST10079,53,Female,Mobile,3.01,24,9,47.02,USA,1,1
CUST10080,31,Male,Tablet,19.78,15,1,6.83,Germany,0,0
CUST10081,48,Female,Mobile,9.42,2,5,5.46,UK,0,1
CUST10082,65,Female,Mobile,1.91,7,1,22.33,UK,1,0
CUST10083,32,Male,Mobile,1.72,3,2,6.44,Germany,0,0
CUST10084,25,Female,Desktop,15.18,8,3,35.52,Germany,0,0
CUST10085,31,Female,Tablet,13.52,23,4,14.35,India,0,0
CUST10086,40,Male,Desktop,16.24,14,8,53.85,Germany,0,0
CUST10087,57,Male,Desktop,3.0,24,3,47.23,Canada,1,1
CUST10088,38,Male,Desktop,1.68,23,8,42.28,Germany,0,0
CUST10089,33,Female,Mobile,10.66,22,9,37.4,Canada,1,1
CUST10090,62,Male,Tablet,8.36,7,2,51.94,Germany,0,1
CUST10091,35,Male,Desktop,9.78,21,7,14.16,India,1,1
CUST10092,64,Male,Desktop,19.84,7,0,52.51,Canada,0,0
CUST10093,41,Male,Desktop,19.44,1,8,47.58,USA,0,0
CUST10094,43,Male,Desktop,18.9,17,8,45.14,Canada,1,1
CUST10095,42,Male,Desktop,15.89,9,9,34.11,India,0,0
CUST10096,62,Female,Tablet,7.74,21,1,15.53,Canada,0,1
CUST10097,58,Female,Tablet,8.83,13,3,25.99,Germany,0,0
CUST10098,46,Male,Desktop,11.44,21,7,47.82,Germany,1,1
CUST10099,32,Male,Desktop,16.78,19,6,2.87,India,0,1
CUST10100,62,Male,Mobile,2.31,21,0,47.14,UK,1,1
CUST10101,18,Female,Desktop,9.06,19,4,15.16,Germany,0,0
CUST10102,42,Female,Mobile,2.57,22,6,9.51,USA,0,0
CUST10103,24,Female,Desktop,10.78,17,3,7.83,India,1,0
CUST10104,26,Female,Tablet,18.08,23,0,2.61,Canada,1,0
CUST10105,41,Female,Desktop,15.87,23,8,31.89,Canada,1,1
CUST10106,18,Female,Mobile,5.33,10,4,13.88,USA,1,0
CUST10107,61,Female,Mobile,19.54,10,1,59.38,Germany,0,0
CUST10108,25,Female,Mobile,13.68,4,7,34.89,India,0,0
CUST10109,41,Female,Desktop,1.2,8,1,9.14,USA,0,0
CUST10110,28,Male,Mobile,5.85,22,2,41.64,Germany,1,1
CUST10111,68,Male,Mobile,5.95,20,9,53.97,India,1,1
CUST10112,34,Male,Mobile,2.32,20,0,44.97,Canada,0,0
CUST10113,25,Male,Desktop,19.24,18,1,5.51,India,0,0
CUST10114,52,Female,Desktop,10.09,14,6,53.86,UK,0,0
CUST10115,52,Female,Mobile,18.02,18,9,47.84,India,1,1
CUST10116,50,Male,Mobile,7.12,14,1,10.34,UK,0,0
CUST10117,22,Female,Desktop,3.38,20,5,4.06,India,0,0
CUST10118,59,Male,Desktop,10.01,21,2,33.88,UK,0,1
CUST10119,56,Female,Desktop,3.17,24,3,10.21,Canada,1,0
CUST10120,58,Male,Mobile,10.23,15,7,50.24,Germany,1,1
CUST10121,45,Female,Desktop,18.49,22,2,22.14,UK,1,1
CUST10122,24,Female,Mobile,10.89,4,9,54.86,UK,0,0
CUST10123,26,Male,Desktop,12.71,13,5,34.38,Canada,0,1
CUST10124,25,Female,Desktop,3.98,23,0,11.78,UK,1,0
CUST10125,29,Male,Mobile,1.83,8,6,9.24,USA,1,0
CUST10126,51,Male,Mobile,3.11,18,7,35.01,Canada,0,0
CUST10127,50,Male,Desktop,12.37,12,7,45.95,USA,0,0
CUST10128,65,Male,Desktop,2.81,23,2,47.11,Canada,0,0
CUST10129,40,Female,Desktop,8.14,14,9,17.27,UK,0,0
CUST10130,41,Female,Desktop,11.45,2,0,13.05,USA,1,0
CUST10131,54,Female,Desktop,8.38,18,8,1.99,UK,0,1
CUST10132,52,Male,Desktop,4.11,24,5,41.07,Canada,0,0
CUST10133,61,Female,Mobile,6.2,2,8,5.52,UK,0,1
CUST10134,57,Male,Desktop,18.64,11,6,25.82,USA,0,0
CUST10135,39,Female,Mobile,13.84,9,0,36.5,USA,0,0
CUST10136,44,Female,Mobile,10.42,12,0,56.29,UK,0,0
CUST10137,52,Female,Tablet,1.24,17,5,19.4,India,0,0
CUST10138,18,Male,Mobile,19.86,15,4,15.74,Canada,1,1
CUST10139,52,Female,Mobile,13.76,17,8,39.6,Canada,0,0
CUST10140,54,Female,Mobile,7.02,18,1,37.54,UK,0,0
CUST10141,64,Male,Tablet,17.71,22,7,20.59,India,1,1
CUST10142,31,Female,Mobile,5.91,6,4,55.76,USA,1,0
CUST10143,20,Male,Mobile,11.34,17,1,50.85,Germany,1,1
CUST10144,18,Female,Mobile,13.09,23,9,14.21,Germany,0,0
CUST10145,22,Male,Mobile,5.2,24,5,15.11,UK,0,1
CUST10146,43,Male,Mobile,19.59,18,9,31.23,India,0,0
CUST10147,31,Female,Mobile,15.22,8,7,46.64,India,0,0
CUST10148,56,Male,Desktop,11.6,9,3,3.6,Canada,0,0
CUST10149,44,Male,Mobile,4.43,6,1,41.91,USA,1,0
CUST10150,26,Male,Mobile,2.02,5,4,39.25,India,0,0
CUST10151,32,Male,Mobile,7.08,12,1,14.66,Germany,0,0
CUST10152,32,Male,Mobile,15.31,11,1,41.2,USA,0,0
CUST10153,43,Male,Desktop,6.12,1,5,56.47,USA,0,0
CUST10154,59,Female,Desktop,11.25,11,9,3.76,UK,1,0
CUST10155,30,Male,Mobile,14.83,19,8,19.86,India,0,0
CUST10156,68,Male,Mobile,3.05,9,3,26.85,UK,1,0
CUST10157,49,Female,Mobile,14.02,2,5,54.06,India,1,0
CUST10158,56,Female,Desktop,2.75,12,6,57.77,Canada,0,0
CUST10159,66,Female,Desktop,19.34,4,5,27.2,UK,0,0
CUST10160,69,Female,Desktop,10.28,4,7,45.25,UK,1,0
CUST10161,49,Female,Mobile,3.86,18,3,32.37,Germany,1,1
CUST10162,21,Female,Tablet,7.51,15,0,32.73,UK,0,1
CUST10163,47,Female,Mobile,8.85,19,6,17.41,India,1,0
CUST10164,54,Male,Mobile,15.41,13,2,13.8,Germany,0,0
CUST10165,40,Male,Mobile,15.13,19,5,17.99,UK,1,0
CUST10166,56,Female,Mobile,12.63,17,1,33.82,UK,0,0
CUST10167,62,Male,Tablet,3.01,6,8,2.72,Canada,0,0
CUST10168,32,Male,Desktop,3.88,16,0,54.53,UK,1,1
CUST10169,60,Male,Mobile,2.78,24,5,10.22,USA,0,0
CUST10170,46,Female,Desktop,11.97,12,5,13.99,Germany,0,0
CUST10171,53,Female,Tablet,17.67,19,4,31.58,USA,0,0
CUST10172,30,Male,Desktop,9.24,5,4,42.9,Germany,1,0
CUST10173,49,Female,Desktop,4.06,17,0,6.65,Canada,1,0
CUST10174,24,Male,Tablet,11.6,23,9,19.74,UK,1,0
CUST10175,68,Male,Tablet,16.42,1,4,58.15,UK,0,1
CUST10176,39,Male,Desktop,15.09,24,1,16.48,UK,1,0
CUST10177,45,Male,Mobile,17.75,23,6,19.47,Germany,0,1
CUST10178,19,Female,Mobile,6.28,10,2,50.35,UK,0,0
CUST10179,59,Female,Desktop,4.69,15,3,3.96,USA,1,0
CUST10180,62,Female,Mobile,17.72,23,2,28.41,UK,0,1
CUST10181,23,Male,Desktop,13.49,21,2,23.4,Canada,0,0
CUST10182,45,Female,Mobile,6.91,21,3,19.68,USA,0,1
CUST10183,45,Male,Mobile,15.1,11,4,17.86,UK,0,0
CUST10184,61,Female,Mobile,16.49,13,0,6.39,UK,1,0
CUST10185,61,Male,Mobile,12.68,5,3,19.57,India,0,0
CUST10186,37,Male,Tablet,14.07,1,7,3.54,Germany,1,1
CUST10187,47,Male,Desktop,8.13,24,9,47.08,USA,0,0
CUST10188,28,Female,Desktop,11.24,12,6,24.5,India,0,0
CUST10189,45,Female,Desktop,10.96,11,8,27.19,Canada,0,0
CUST10190,42,Female,Mobile,17.11,17,4,53.72,Germany,1,1
CUST10191,56,Female,Desktop,16.96,4,9,39.83,USA,1,1
CUST10192,50,Male,Desktop,16.82,15,3,1.48,UK,1,0
CUST10193,18,Female,Desktop,1.21,9,7,56.65,USA,1,0
CUST10194,44,Female,Mobile,15.24,21,8,14.99,UK,0,0
CUST10195,69,Male,Desktop,15.41,20,6,7.35,Germany,1,0
CUST10196,30,Male,Mobile,13.89,19,6,46.32,UK,1,1
CUST10197,58,Male,Tablet,15.37,19,4,30.53,Canada,1,1
CUST10198,20,Female,Desktop,17.0,12,3,26.59,UK,0,1
CUST10199,56,Male,Mobile,9.94,5,9,15.72,Canada,0,1
CUST10200,23,Male,Desktop,10.54,10,0,33.3,Germany,1,0
CUST10201,25,Male,Desktop,3.37,17,9,17.19,Germany,1,1
CUST10202,44,Female,Mobile,8.32,5,9,54.19,USA,0,0
CUST10203,26,Male,Desktop,13.22,22,6,13.7,Canada,1,0
CUST10204,54,Female,Desktop,15.83,16,0,53.18,Canada,1,1
CUST10205,50,Female,Mobile,5.13,7,0,34.0,India,0,0
CUST10206,68,Male,Mobile,3.62,9,4,49.88,India,1,0
CUST10207,59,Male,Mobile,13.6,3,8,43.06,India,0,0
CUST10208,61,Female,Mobile,1.04,15,5,42.11,UK,0,0
CUST10209,41,Male,Mobile,4.39,16,2,20.14,India,0,0
CUST10210,32,Male,Desktop,1.55,18,2,14.8,Canada,0,0
CUST10211,49,Female,Mobile,4.17,14,6,13.44,UK,1,0
CUST10212,49,Female,Mobile,4.45,3,5,51.57,Germany,0,0
CUST10213,41,Male,Tablet,8.37,12,8,49.41,USA,0,0
CUST10214,58,Female,Desktop,8.64,9,5,26.99,India,0,0
CUST10215,69,Male,Mobile,17.61,7,4,8.81,Germany,0,0
CUST10216,66,Male,Mobile,10.69,9,9,23.55,Canada,0,0
CUST10217,66,Male,Mobile,14.74,13,6,37.54,USA,1,1
CUST10218,69,Female,Desktop,2.98,18,0,27.81,Germany,0,1
CUST10219,29,Male,Mobile,5.28,5,6,47.03,USA,1,0
CUST10220,56,Male,Desktop,14.36,13,2,59.86,India,1,1
CUST10221,19,Male,Tablet,2.0,4,8,12.28,Canada,0,1
CUST10222,20,Female,Mobile,10.25,2,5,28.12,USA,1,0
CUST10223,66,Female,Desktop,12.39,16,8,26.43,Germany,0,1
CUST10224,54,Female,Tablet,12.44,9,4,18.97,India,0,0
CUST10225,66,Female,Mobile,1.44,9,6,12.69,India,0,0
CUST10226,34,Female,Desktop,7.12,6,3,4.88,Germany,0,1
CUST10227,66,Male,Desktop,13.09,11,6,53.34,Germany,0,1
CUST10228,19,Female,Tablet,3.83,22,0,25.77,USA,1,1
CUST10229,19,Female,Desktop,14.21,24,6,30.32,UK,0,0
CUST10230,45,Female,Desktop,15.17,22,7,55.1,India,1,1
CUST10231,40,Male,Desktop,19.66,1,4,46.8,USA,0,0
CUST10232,54,Female,Desktop,4.99,4,1,8.7,Germany,1,0
CUST10233,49,Female,Desktop,16.68,13,4,34.36,USA,0,0
CUST10234,50,Male,Desktop,10.89,23,5,27.09,Germany,0,1
CUST10235,18,Female,Desktop,8.1,13,1,48.04,Canada,0,0
CUST10236,36,Male,Mobile,3.33,13,5,43.73,Germany,0,0
CUST10237,19,Male,Mobile,14.97,2,5,41.73,Germany,0,0
CUST10238,61,Male,Mobile,5.48,9,0,21.09,Germany,1,0
CUST10239,43,Male,Mobile,8.06,24,0,48.49,UK,0,0
CUST10240,49,Male,Mobile,2.19,8,9,4.09,Germany,1,0
CUST10241,23,Female,Tablet,16.23,7,2,10.42,India,1,1
CUST10242,49,Male,Mobile,15.57,4,9,20.8,India,1,0
CUST10243,21,Male,Desktop,14.94,18,9,5.53,USA,0,1
CUST10244,28,Female,Mobile,6.69,3,2,14.86,UK,0,0
CUST10245,34,Male,Desktop,4.3,6,3,49.98,USA,1,0
CUST10246,55,Female,Tablet,13.11,12,1,56.95,India,1,1
CUST10247,41,Female,Mobile,10.43,12,8,18.97,India,0,0
CUST10248,22,Female,Desktop,4.39,21,9,16.61,Canada,0,0
CUST10249,69,Male,Mobile,14.03,8,6,17.51,Germany,0,0
CUST10250,51,Male,Desktop,19.83,22,6,17.39,India,0,0
CUST10251,23,Male,Mobile,15.2,22,5,3.12,USA,1,0
CUST10252,39,Female,Tablet,15.06,1,2,55.69,USA,0,0
CUST10253,28,Male,Mobile,19.06,4,5,13.61,Germany,0,0
CUST10254,65,Male,Desktop,4.86,21,7,25.78,Germany,0,0
CUST10255,33,Male,Desktop,11.75,11,7,1.57,Canada,0,1
CUST10256,50,Female,Mobile,19.61,3,8,51.62,UK,1,0
CUST10257,26,Female,Mobile,4.14,13,0,44.14,USA,1,1
CUST10258,23,Male,Mobile,14.3,17,0,56.86,Germany,0,1
CUST10259,33,Male,Mobile,12.13,22,2,47.12,USA,1,1
CUST10260,46,Male,Desktop,12.14,22,2,19.51,Germany,0,0
CUST10261,20,Male,Mobile,14.26,10,9,15.62,India,0,1
CUST10262,37,Female,Mobile,18.66,21,7,42.17,USA,0,0
CUST10263,53,Female,Mobile,15.87,12,9,22.48,India,0,0
CUST10264,36,Female,Desktop,2.07,15,0,34.41,USA,0,0
CUST10265,43,Female,Mobile,17.2,21,1,1.37,UK,0,0
CUST10266,20,Male,Mobile,5.29,10,1,4.65,Canada,1,0
CUST10267,36,Male,Mobile,8.16,14,2,32.59,India,0,0
CUST10268,37,Male,Mobile,9.77,13,5,34.4,Germany,1,1
CUST10269,49,Female,Desktop,10.14,5,0,45.34,UK,0,0
CUST10270,24,Male,Mobile,9.27,6,1,8.79,USA,1,0
CUST10271,69,Female,Mobile,18.81,24,0,31.28,India,1,1
CUST10272,58,Female,Desktop,14.41,2,4,12.47,USA,0,0
CUST10273,50,Male,Desktop,12.99,22,6,6.5,USA,1,1
CUST10274,57,Male,Mobile,1.95,17,7,25.22,USA,0,1
CUST10275,56,Male,Desktop,18.17,4,9,10.64,Canada,1,0
CUST10276,35,Female,Tablet,18.28,14,0,14.09,Canada,0,0
CUST10277,57,Male,Mobile,15.82,10,6,19.74,Germany,1,0
CUST10278,18,Female,Desktop,1.13,3,4,16.3,India,1,0
CUST10279,28,Male,Desktop,2.09,3,9,6.17,UK,0,0
CUST10280,45,Female,Mobile,5.28,15,0,6.31,UK,0,1
CUST10281,42,Female,Mobile,3.5,6,2,12.4,UK,1,1
CUST10282,67,Male,Mobile,8.58,17,6,3.98,USA,0,0
CUST10283,40,Female,Desktop,18.53,12,9,37.96,Canada,0,0
CUST10284,48,Female,Tablet,9.97,22,0,17.95,India,0,1
CUST10285,47,Male,Desktop,1.25,20,6,17.51,USA,0,1
CUST10286,59,Female,Mobile,6.37,24,4,20.59,Canada,1,1
CUST10287,52,Male,Desktop,1.85,11,0,40.1,Canada,0,0
CUST10288,24,Female,Desktop,1.69,4,0,52.37,India,0,0
CUST10289,33,Male,Mobile,6.24,6,0,45.79,India,1,0
CUST10290,43,Male,Mobile,6.24,1,8,43.92,India,1,0
CUST10291,65,Female,Desktop,15.96,20,2,29.58,USA,0,1
CUST10292,69,Female,Mobile,19.52,23,4,41.93,Germany,0,0
CUST10293,66,Female,Desktop,8.05,16,9,33.61,India,1,1
CUST10294,19,Female,Mobile,9.15,15,8,13.76,Germany,1,1
CUST10295,18,Female,Mobile,17.05,17,5,13.31,USA,0,1
CUST10296,65,Male,Mobile,6.09,8,8,18.49,Germany,0,0
CUST10297,29,Female,Mobile,3.97,12,7,54.74,UK,0,1
CUST10298,22,Male,Tablet,17.21,22,7,33.3,Germany,0,0
CUST10299,54,Male,Mobile,1.88,21,0,44.3,India,0,1
CUST10300,49,Female,Desktop,12.77,10,8,21.45,USA,1,0
CUST10301,26,Male,Desktop,11.68,15,5,25.06,India,0,1
CUST10302,58,Male,Desktop,7.57,9,8,8.41,UK,1,0
CUST10303,52,Male,Mobile,6.99,2,2,11.11,India,0,0
CUST10304,36,Male,Desktop,15.67,5,2,49.81,India,1,0
CUST10305,65,Female,Desktop,2.64,6,5,35.51,India,1,1
CUST10306,33,Male,Mobile,5.5,7,8,20.91,Canada,0,0
CUST10307,20,Female,Mobile,14.92,21,6,48.37,UK,0,0
CUST10308,37,Female,Desktop,11.42,1,2,15.54,India,0,0
CUST10309,41,Male,Tablet,3.43,23,2,58.59,India,1,1
CUST10310,50,Female,Mobile,17.76,7,1,21.34,India,1,0
CUST10311,41,Female,Desktop,8.48,20,8,20.9,USA,0,0
CUST10312,69,Female,Tablet,16.73,12,2,19.4,Canada,0,0
CUST10313,28,Male,Desktop,15.97,16,4,8.2,USA,0,0
CUST10314,66,Female,Tablet,12.86,16,8,7.56,Canada,1,0
CUST10315,25,Female,Desktop,10.4,11,7,39.24,India,0,0
CUST10316,53,Female,Mobile,19.61,21,1,52.63,UK,0,0
CUST10317,55,Male,Mobile,3.75,4,2,47.64,Germany,0,1
CUST10318,57,Female,Mobile,14.78,13,1,9.33,Germany,0,0
CUST10319,37,Male,Desktop,4.63,7,7,33.19,India,1,1
CUST10320,52,Male,Desktop,7.43,4,5,7.23,USA,0,1
CUST10321,65,Male,Mobile,6.87,15,5,3.67,UK,1,0
CUST10322,42,Male,Desktop,18.99,19,8,39.73,Canada,0,0
CUST10323,52,Male,Desktop,19.38,9,7,32.57,India,0,0
CUST10324,42,Male,Desktop,4.48,11,3,5.84,UK,1,0
CUST10325,46,Female,Mobile,1.42,8,3,3.06,UK,1,0
CUST10326,35,Male,Desktop,14.68,1,8,59.4,Canada,1,0
CUST10327,63,Female,Mobile,8.94,23,0,2.77,UK,0,0
CUST10328,35,Female,Mobile,2.69,24,1,27.23,USA,0,0
CUST10329,19,Male,Mobile,13.99,8,1,30.77,USA,1,0
CUST10330,52,Female,Mobile,11.36,13,5,7.92,USA,0,0
CUST10331,33,Female,Mobile,19.63,22,3,10.97,UK,0,0
CUST10332,58,Female,Desktop,5.32,4,9,21.76,USA,1,1
CUST10333,53,Female,Mobile,8.68,8,2,45.94,Canada,1,0
CUST10334,50,Male,Desktop,11.31,3,2,30.92,UK,1,1
CUST10335,21,Female,Mobile,16.04,9,2,38.64,Germany,1,0
CUST10336,50,Male,Tablet,11.43,2,5,59.13,UK,1,0
CUST10337,31,Female,Tablet,12.65,2,7,46.31,Canada,0,0
CUST10338,38,Female,Mobile,5.3,13,6,26.63,Germany,0,1
CUST10339,65,Male,Mobile,17.09,15,3,27.34,UK,0,0
CUST10340,37,Female,Mobile,9.14,23,3,37.51,USA,0,1
CUST10341,25,Female,Desktop,3.68,12,9,40.26,India,0,0
CUST10342,24,Female,Desktop,13.62,4,1,30.54,India,0,0
CUST10343,20,Male,Mobile,5.11,8,0,39.05,USA,0,0
CUST10344,34,Female,Desktop,2.85,9,8,2.39,India,0,1
CUST10345,50,Male,Mobile,17.38,23,1,26.35,India,0,1
CUST10346,65,Female,Mobile,9.74,5,7,17.46,USA,0,1
CUST10347,29,Male,Desktop,15.24,24,8,8.62,USA,0,1
CUST10348,68,Male,Mobile,6.52,20,3,6.87,UK,1,0
CUST10349,39,Female,Desktop,15.95,18,7,36.59,UK,0,0
CUST10350,39,Female,Mobile,3.13,11,8,31.89,USA,0,0
CUST10351,63,Male,Tablet,7.76,15,9,15.96,Canada,1,0
CUST10352,47,Male,Mobile,19.58,22,9,28.79,India,0,0
CUST10353,55,Female,Mobile,16.09,9,4,30.04,UK,0,0
CUST10354,55,Male,Desktop,10.45,17,6,12.51,India,0,0
CUST10355,62,Female,Mobile,7.46,12,9,39.47,Germany,0,0
CUST10356,68,Female,Tablet,17.57,7,3,47.07,USA,1,1
CUST10357,25,Female,Desktop,11.35,10,0,47.7,Canada,0,0
CUST10358,44,Female,Desktop,15.41,10,2,36.55,Germany,1,0
CUST10359,44,Male,Desktop,15.33,13,4,31.19,Germany,0,0
CUST10360,51,Female,Tablet,1.34,19,2,4.6,Germany,0,0
CUST10361,38,Male,Tablet,3.4,11,6,17.98,USA,0,0
CUST10362,47,Female,Desktop,13.53,13,8,6.5,UK,0,0
CUST10363,50,Male,Desktop,4.07,21,5,57.87,USA,0,0
CUST10364,45,Female,Mobile,5.85,8,9,8.97,UK,0,0
CUST10365,64,Male,Mobile,18.99,8,0,9.95,Germany,0,0
CUST10366,50,Male,Desktop,11.64,4,6,53.49,Germany,1,1
CUST10367,22,Female,Mobile,15.26,15,2,56.69,Canada,0,0
CUST10368,65,Female,Mobile,11.6,11,4,46.18,UK,1,1
CUST10369,36,Female,Mobile,11.5,11,9,1.32,Germany,1,1
CUST10370,21,Female,Mobile,2.79,1,3,1.08,India,0,0
CUST10371,52,Male,Desktop,7.53,17,9,23.31,Canada,0,1
CUST10372,66,Female,Tablet,6.37,15,4,9.46,USA,0,0
CUST10373,34,Male,Mobile,8.42,20,4,2.08,Canada,1,0
CUST10374,61,Male,Desktop,16.17,6,5,28.38,India,0,1
CUST10375,45,Female,Desktop,8.07,24,9,56.64,UK,1,1
CUST10376,47,Male,Mobile,9.58,22,9,20.11,USA,0,0
CUST10377,46,Male,Desktop,8.55,15,5,40.01,USA,1,1
CUST10378,63,Male,Mobile,2.77,9,7,39.48,UK,0,0
CUST10379,23,Male,Mobile,9.38,14,7,15.81,Canada,1,1
CUST10380,52,Female,Tablet,4.72,18,8,39.38,Germany,0,0
CUST10381,58,Female,Mobile,4.55,17,7,13.53,Canada,0,0
CUST10382,54,Female,Desktop,2.79,18,1,8.2,India,0,0
CUST10383,41,Female,Desktop,7.78,5,9,42.38,Germany,0,0
CUST10384,46,Male,Mobile,15.39,20,0,7.69,Canada,1,0
CUST10385,66,Male,Desktop,6.25,20,9,59.82,UK,0,1
CUST10386,63,Female,Tablet,6.93,9,1,11.82,India,0,0
CUST10387,48,Female,Mobile,13.21,11,1,36.05,India,0,0
CUST10388,52,Female,Desktop,4.72,24,2,25.27,India,0,0
CUST10389,50,Male,Desktop,18.04,22,9,8.46,Germany,0,0
CUST10390,69,Female,Desktop,10.88,1,6,2.64,USA,1,0
CUST10391,38,Female,Desktop,9.5,18,1,37.74,Germany,0,0
CUST10392,49,Female,Mobile,11.6,6,0,48.6,Canada,1,0
CUST10393,40,Male,Tablet,4.15,2,5,50.68,USA,0,0
CUST10394,50,Male,Tablet,12.66,15,8,29.48,Canada,0,0
CUST10395,20,Male,Desktop,7.9,21,2,46.87,USA,1,1
CUST10396,35,Male,Desktop,18.05,14,5,40.7,Germany,1,1
CUST10397,42,Male,Desktop,4.21,5,2,43.73,India,0,1
CUST10398,59,Male,Mobile,10.63,6,0,30.06,UK,1,0
CUST10399,48,Male,Desktop,12.36,6,4,38.37,India,0,1
CUST10400,20,Male,Desktop,1.63,22,9,48.53,Germany,0,0
CUST10401,57,Female,Desktop,7.91,18,3,24.48,USA,1,1
CUST10402,63,Female,Desktop,14.92,14,6,48.55,India,0,0
CUST10403,41,Male,Mobile,16.59,10,5,35.93,Germany,0,0
CUST10404,67,Male,Mobile,6.95,14,9,10.79,Canada,1,0
CUST10405,49,Female,Mobile,16.17,13,6,2.46,UK,1,0
CUST10406,64,Male,Mobile,19.39,3,4,22.4,India,0,0
CUST10407,39,Male,Desktop,17.28,6,3,33.26,USA,0,0
CUST10408,40,Male,Desktop,3.24,8,6,50.55,Canada,0,1
CUST10409,19,Female,Desktop,15.05,12,6,8.52,Germany,1,0
CUST10410,44,Female,Mobile,7.07,13,5,48.21,UK,1,1
CUST10411,59,Female,Desktop,19.78,11,7,51.92,USA,0,0
CUST10412,19,Female,Mobile,10.22,12,3,9.89,Germany,0,0
CUST10413,43,Female,Mobile,3.33,1,9,51.24,Germany,0,0
CUST10414,34,Male,Desktop,14.78,17,4,59.5,India,1,1
CUST10415,57,Female,Desktop,7.14,16,3,43.88,India,1,1
CUST10416,50,Male,Mobile,19.94,11,0,47.3,USA,1,1
CUST10417,26,Male,Mobile,19.62,13,7,59.67,Germany,1,1
CUST10418,60,Female,Mobile,13.47,18,0,36.72,India,0,0
CUST10419,65,Female,Mobile,3.47,11,4,19.17,UK,0,0
CUST10420,56,Male,Desktop,14.05,12,5,50.41,UK,0,1
CUST10421,46,Male,Mobile,2.77,6,5,37.25,Germany,0,0
CUST10422,59,Male,Desktop,1.56,9,4,35.29,India,0,1
CUST10423,43,Female,Mobile,16.64,16,2,15.96,USA,0,0
CUST10424,52,Female,Mobile,4.99,4,4,45.62,USA,1,0
CUST10425,67,Female,Mobile,8.2,3,7,5.82,USA,1,0
CUST10426,42,Female,Mobile,19.5,16,1,55.53,UK,0,1
CUST10427,41,Female,Mobile,7.4,24,5,20.22,India,0,0
CUST10428,30,Male,Mobile,6.63,12,8,8.54,India,0,1
CUST10429,24,Female,Desktop,18.45,11,7,27.1,UK,1,1
CUST10430,53,Male,Mobile,3.1,5,7,3.51,USA,1,0
CUST10431,62,Male,Tablet,15.43,18,7,41.39,USA,0,0
CUST10432,37,Male,Mobile,19.77,19,6,54.26,Germany,0,1
CUST10433,18,Female,Desktop,18.12,23,7,50.4,Canada,0,0
CUST10434,25,Female,Desktop,13.38,23,5,8.51,India,0,0
CUST10435,63,Female,Desktop,6.97,6,1,8.45,India,0,1
CUST10436,33,Male,Desktop,5.83,22,1,48.99,India,1,1
CUST10437,31,Male,Desktop,16.57,18,7,55.53,Canada,1,1
CUST10438,29,Male,Desktop,17.72,6,0,28.18,Germany,0,0
CUST10439,68,Male,Desktop,10.98,4,5,30.44,Canada,1,0
CUST10440,40,Male,Desktop,5.64,12,5,19.78,USA,1,0
CUST10441,32,Male,Mobile,3.15,19,3,53.76,USA,0,0
CUST10442,45,Female,Mobile,2.66,2,9,39.05,India,0,0
CUST10443,51,Female,Desktop,14.66,17,2,18.01,UK,1,1
CUST10444,19,Female,Desktop,8.98,11,2,18.63,India,0,0
CUST10445,49,Female,Desktop,18.2,11,0,53.58,UK,1,1
CUST10446,40,Male,Desktop,15.05,21,2,1.8,Canada,1,0
CUST10447,39,Male,Tablet,4.63,16,3,20.04,USA,1,1
CUST10448,68,Female,Mobile,12.66,2,4,33.71,UK,1,0
CUST10449,42,Male,Mobile,9.27,2,2,9.74,Canada,1,1
CUST10450,39,Female,Mobile,11.97,23,5,6.43,USA,1,0
CUST10451,39,Female,Mobile,15.02,8,4,49.1,UK,0,0
CUST10452,66,Female,Desktop,16.32,13,2,53.77,India,0,0
CUST10453,69,Male,Mobile,17.03,10,5,49.59,India,0,0
CUST10454,59,Female,Desktop,5.83,8,5,54.03,India,1,0
CUST10455,23,Female,Mobile,1.59,4,7,33.63,Canada,0,1
CUST10456,32,Female,Desktop,15.05,15,1,48.92,India,0,0
CUST10457,60,Male,Desktop,3.02,1,0,23.66,Germany,0,0
CUST10458,54,Male,Mobile,6.98,11,3,40.31,USA,1,1
CUST10459,50,Female,Desktop,1.07,7,6,59.34,Canada,1,0
CUST10460,25,Male,Mobile,13.95,17,9,14.32,India,1,0
CUST10461,61,Male,Mobile,4.18,20,2,24.0,USA,0,0
CUST10462,61,Male,Mobile,13.45,24,2,29.32,UK,1,1
CUST10463,22,Male,Mobile,19.84,18,4,9.14,India,1,0
CUST10464,56,Male,Mobile,2.38,22,4,5.78,USA,0,0
CUST10465,21,Male,Desktop,2.46,22,9,49.95,Germany,0,0
CUST10466,23,Male,Desktop,7.47,12,2,58.63,UK,0,0
CUST10467,62,Male,Desktop,17.46,9,8,24.88,Germany,1,1
CUST10468,49,Male,Mobile,5.1,5,3,6.17,USA,0,0
CUST10469,69,Male,Desktop,7.85,10,2,4.88,Germany,0,0
CUST10470,47,Female,Mobile,2.3,4,1,53.59,USA,1,0
CUST10471,64,Female,Mobile,15.5,5,9,28.37,USA,0,1
CUST10472,52,Male,Desktop,8.76,10,8,19.88,Germany,0,0
CUST10473,57,Female,Mobile,15.43,11,3,29.11,USA,1,1
CUST10474,69,Female,Desktop,18.17,21,2,19.78,India,0,0
CUST10475,33,Male,Desktop,5.42,24,6,29.85,USA,1,1
CUST10476,30,Male,Mobile,16.34,10,7,51.71,Canada,0,1
CUST10477,67,Male,Mobile,2.12,8,1,35.95,USA,1,1
CUST10478,59,Female,Mobile,18.08,2,6,41.98,Canada,1,0
CUST10479,47,Female,Desktop,13.36,23,4,22.52,USA,0,1
CUST10480,36,Male,Mobile,17.61,8,4,44.57,USA,0,0
CUST10481,34,Male,Mobile,1.0,16,2,40.33,Germany,1,1
CUST10482,36,Male,Mobile,4.21,22,4,8.05,India,1,0
CUST10483,45,Female,Desktop,8.41,5,1,34.79,India,1,0
CUST10484,43,Female,Mobile,8.21,3,3,16.15,UK,1,0
CUST10485,54,Female,Mobile,5.31,12,5,48.44,Germany,0,0
CUST10486,43,Female,Desktop,8.25,13,0,26.13,Germany,0,0
CUST10487,40,Male,Tablet,3.45,13,9,59.69,India,1,1
CUST10488,26,Male,Mobile,8.84,10,3,6.46,Germany,0,0
CUST10489,29,Male,Mobile,16.24,4,5,47.04,India,0,0
CUST10490,18,Male,Mobile,10.1,9,8,40.75,Germany,0,0
CUST10491,18,Female,Desktop,1.34,22,1,46.28,USA,0,0
CUST10492,64,Female,Mobile,9.01,24,6,19.14,India,0,0
CUST10493,51,Male,Desktop,1.52,23,5,30.03,India,1,1
CUST10494,49,Male,Desktop,19.36,2,1,47.99,Canada,0,0
CUST10495,65,Female,Desktop,3.42,19,7,14.72,Germany,0,1
CUST10496,42,Male,Mobile,14.45,1,6,14.34,Germany,1,1
CUST10497,57,Female,Desktop,19.48,7,4,33.51,India,1,0
CUST10498,62,Male,Desktop,16.69,17,4,31.89,USA,0,0
CUST10499,18,Male,Desktop,14.29,3,6,17.65,USA,0,1
CUST10500,33,Male,Mobile,16.95,20,8,18.59,USA,1,1
CUST10501,56,Male,Tablet,19.65,20,8,17.39,Germany,1,0
CUST10502,22,Male,Mobile,12.81,21,8,46.52,Canada,1,1
CUST10503,39,Male,Mobile,11.62,3,5,39.46,India,1,1
CUST10504,46,Male,Mobile,12.94,3,9,50.11,UK,1,1
CUST10505,20,Female,Desktop,11.12,17,5,58.55,Canada,0,0
CUST10506,29,Female,Mobile,13.07,7,2,28.98,UK,1,0
CUST10507,43,Female,Mobile,9.55,14,0,4.93,Canada,0,0
CUST10508,33,Female,Mobile,5.15,17,6,3.84,USA,1,0
CUST10509,68,Female,Mobile,3.28,18,3,18.44,Germany,1,0
CUST10510,54,Male,Desktop,2.3,13,0,56.02,UK,0,0
CUST10511,39,Male,Desktop,6.0,20,7,31.87,Canada,0,0
CUST10512,46,Female,Mobile,1.88,20,5,17.04,Germany,0,1
CUST10513,31,Male,Mobile,11.78,21,5,24.55,UK,0,1
CUST10514,45,Female,Desktop,6.39,18,1,36.32,India,1,1
CUST10515,22,Female,Mobile,16.67,4,0,39.52,Canada,0,0
CUST10516,64,Male,Mobile,2.41,1,1,10.08,India,1,0
CUST10517,66,Male,Tablet,5.3,18,3,58.64,USA,0,1
CUST10518,47,Male,Desktop,14.87,1,1,33.14,India,1,0
CUST10519,63,Female,Mobile,12.38,13,0,9.01,India,1,1
CUST10520,69,Male,Desktop,2.23,20,6,53.72,Canada,1,1
CUST10521,22,Female,Mobile,17.67,20,7,5.4,USA,0,0
CUST10522,29,Female,Desktop,17.67,23,5,54.56,India,1,1
CUST10523,33,Female,Mobile,7.28,10,3,59.8,Germany,0,1
CUST10524,43,Male,Mobile,7.47,11,5,42.33,UK,0,1
CUST10525,43,Male,Mobile,19.79,9,2,46.46,India,0,0
CUST10526,65,Female,Tablet,12.9,9,7,20.9,USA,0,0
CUST10527,38,Male,Desktop,11.1,5,9,56.55,India,1,1
CUST10528,56,Male,Mobile,16.92,1,1,32.25,UK,0,0
CUST10529,53,Male,Mobile,6.42,17,4,44.21,USA,1,1
CUST10530,50,Female,Desktop,9.15,22,0,55.52,Canada,1,1
CUST10531,47,Female,Mobile,6.09,2,5,58.54,USA,0,0
CUST10532,54,Male,Mobile,15.99,24,1,50.16,Canada,1,1
CUST10533,40,Female,Tablet,11.89,13,3,18.88,USA,0,0
CUST10534,27,Male,Mobile,13.52,9,5,58.03,UK,0,0
CUST10535,22,Male,Desktop,5.79,4,9,38.06,UK,0,0
CUST10536,53,Male,Tablet,5.18,5,7,55.91,USA,1,0
CUST10537,51,Male,Mobile,10.28,11,7,40.89,India,1,1
CUST10538,69,Female,Mobile,15.01,24,5,19.13,UK,0,0
CUST10539,48,Female,Mobile,10.98,19,3,22.83,Canada,0,0
CUST10540,27,Female,Desktop,1.62,21,7,33.48,Canada,1,1
CUST10541,36,Male,Desktop,17.5,3,7,47.61,Germany,0,1
CUST10542,49,Male,Desktop,2.23,12,9,19.76,Canada,1,0
CUST10543,18,Male,Mobile,19.16,19,0,35.2,Germany,0,0
CUST10544,22,Female,Desktop,1.48,19,3,21.39,USA,0,0
CUST10545,62,Male,Tablet,14.19,13,3,49.13,USA,1,1
CUST10546,21,Female,Desktop,2.56,7,6,28.54,USA,0,0
CUST10547,33,Female,Tablet,18.3,15,6,5.53,India,1,0
CUST10548,41,Female,Desktop,9.82,23,7,10.8,India,1,0
CUST10549,33,Female,Desktop,3.61,7,4,4.61,Germany,0,0
CUST10550,19,Female,Desktop,7.48,8,6,30.46,Canada,0,1
CUST10551,66,Female,Mobile,4.13,5,7,7.27,Canada,1,0
CUST10552,45,Male,Mobile,4.24,21,8,7.73,USA,1,1
CUST10553,49,Male,Desktop,19.01,14,2,56.52,UK,0,0
CUST10554,44,Female,Mobile,9.46,4,2,52.49,India,1,0
CUST10555,37,Female,Desktop,15.99,23,3,27.67,India,0,0
CUST10556,41,Male,Tablet,13.15,10,4,59.16,USA,0,0
CUST10557,29,Female,Desktop,13.85,20,9,1.01,India,1,0
CUST10558,67,Female,Mobile,3.5,15,0,37.22,USA,0,1
CUST10559,52,Male,Mobile,5.45,18,6,37.37,Germany,1,1
CUST10560,50,Female,Mobile,15.95,20,8,27.99,Canada,0,0
CUST10561,50,Female,Desktop,19.44,13,7,24.42,UK,1,1
CUST10562,68,Female,Desktop,5.99,8,4,27.87,Canada,0,0
CUST10563,60,Male,Tablet,6.16,9,3,25.48,Canada,0,0
CUST10564,54,Male,Mobile,9.99,16,6,44.1,Germany,1,1
CUST10565,29,Male,Tablet,19.69,19,4,8.99,India,0,1
CUST10566,20,Female,Desktop,6.11,16,6,12.66,UK,0,0
CUST10567,18,Female,Mobile,8.73,7,0,11.65,India,0,1
CUST10568,50,Male,Desktop,17.94,14,0,16.49,Canada,0,1
CUST10569,57,Female,Mobile,1.06,14,9,31.99,USA,1,1
CUST10570,27,Female,Mobile,1.76,4,2,7.56,Canada,0,0
CUST10571,60,Female,Desktop,12.48,15,1,52.22,India,0,0
CUST10572,61,Female,Mobile,18.24,3,1,18.54,Canada,0,0
CUST10573,46,Female,Desktop,5.54,5,6,10.59,USA,0,0
CUST10574,30,Male,Desktop,9.92,1,9,40.86,Germany,0,0
CUST10575,29,Female,Desktop,9.56,3,1,3.25,India,0,0
CUST10576,48,Male,Mobile,9.99,15,3,37.58,Canada,0,0
CUST10577,63,Female,Desktop,12.83,24,1,42.19,India,1,1
CUST10578,19,Male,Desktop,9.93,8,5,13.68,Germany,1,0
CUST10579,68,Female,Desktop,9.5,4,7,3.48,Canada,0,0
CUST10580,67,Male,Mobile,10.01,2,9,22.46,Canada,0,0
CUST10581,52,Female,Mobile,12.23,24,3,6.82,India,0,0
CUST10582,40,Male,Desktop,11.2,24,4,7.87,India,0,0
CUST10583,34,Female,Mobile,17.23,10,3,16.0,USA,0,0
CUST10584,43,Male,Desktop,1.94,4,2,18.43,Germany,0,0
CUST10585,25,Female,Desktop,16.83,3,4,32.27,USA,0,1
CUST10586,46,Male,Desktop,17.03,2,8,41.03,Canada,0,0
CUST10587,43,Male,Desktop,6.41,17,7,35.97,India,0,0
CUST10588,27,Female,Tablet,9.79,23,7,9.75,Canada,0,0
CUST10589,43,Female,Desktop,9.33,21,7,11.15,Canada,0,1
CUST10590,51,Male,Tablet,5.15,24,7,52.85,UK,0,0
CUST10591,68,Female,Desktop,8.54,20,6,33.94,UK,0,0
CUST10592,58,Male,Mobile,1.84,23,7,52.33,Canada,0,0
CUST10593,24,Male,Mobile,6.28,13,7,22.92,India,0,0
CUST10594,21,Male,Desktop,16.52,5,7,37.25,Canada,0,0
CUST10595,67,Female,Mobile,6.41,21,9,31.9,UK,0,0
CUST10596,62,Male,Mobile,16.55,9,6,19.83,India,0,1
CUST10597,28,Male,Mobile,11.1,22,0,28.73,Canada,0,1
CUST10598,46,Female,Desktop,17.72,6,3,30.65,Germany,0,0
CUST10599,53,Female,Desktop,11.92,5,3,12.85,Germany,1,0
CUST10600,42,Female,Desktop,1.56,10,4,19.59,Canada,0,0
CUST10601,38,Female,Desktop,13.83,8,9,47.69,India,0,0
CUST10602,53,Male,Desktop,1.85,7,5,55.03,Canada,1,0
CUST10603,27,Male,Mobile,9.56,7,3,22.23,Canada,0,0
CUST10604,54,Male,Desktop,18.66,6,1,19.11,UK,0,0
CUST10605,26,Male,Mobile,4.14,21,5,12.52,Germany,1,0
CUST10606,41,Female,Tablet,8.41,20,7,41.03,UK,1,1
CUST10607,52,Male,Desktop,14.87,3,7,20.06,UK,0,0
CUST10608,66,Male,Mobile,17.76,19,6,59.28,Canada,0,0
CUST10609,52,Female,Mobile,13.75,22,5,20.22,UK,0,1
CUST10610,65,Male,Mobile,5.91,15,1,24.25,Germany,0,0
CUST10611,53,Male,Mobile,13.82,4,6,36.6,UK,0,0
CUST10612,35,Male,Mobile,6.64,12,4,48.3,Germany,0,0
CUST10613,66,Male,Desktop,14.65,6,5,28.7,UK,0,0
CUST10614,56,Male,Desktop,19.13,19,9,25.94,Germany,1,1
CUST10615,49,Male,Desktop,14.71,4,7,59.74,UK,1,0
CUST10616,41,Female,Tablet,17.39,15,7,1.62,UK,0,1
CUST10617,40,Female,Desktop,1.04,9,2,53.81,India,1,0
CUST10618,49,Male,Desktop,14.63,5,6,9.8,Germany,0,0
CUST10619,54,Male,Mobile,16.76,13,0,47.37,Germany,1,1
CUST10620,29,Female,Desktop,1.77,23,0,37.46,Germany,0,0
CUST10621,66,Male,Mobile,17.56,18,6,21.17,USA,0,0
CUST10622,30,Male,Tablet,5.88,5,9,52.56,UK,0,0
CUST10623,40,Male,Desktop,13.64,16,8,1.76,Germany,0,0
CUST10624,42,Female,Desktop,16.21,19,6,14.37,USA,0,0
CUST10625,52,Male,Mobile,13.59,14,9,34.45,India,1,1
CUST10626,58,Female,Desktop,2.75,16,4,21.74,Germany,1,1
CUST10627,47,Male,Desktop,12.33,15,7,37.01,Germany,0,0
CUST10628,34,Female,Mobile,11.44,22,1,2.42,USA,0,0
CUST10629,66,Female,Mobile,18.11,4,8,7.87,UK,0,0
CUST10630,37,Male,Desktop,8.68,7,5,8.5,India,1,0
CUST10631,65,Female,Mobile,7.1,16,8,12.17,Germany,1,0
CUST10632,42,Male,Tablet,15.25,24,1,28.1,UK,1,1
CUST10633,39,Female,Mobile,8.84,22,2,45.38,India,1,1
CUST10634,30,Male,Mobile,13.28,21,7,54.43,Canada,0,1
CUST10635,36,Male,Desktop,13.28,22,0,50.29,Canada,0,0
CUST10636,66,Female,Mobile,17.87,21,9,12.62,India,0,1
CUST10637,53,Male,Desktop,12.38,8,6,27.03,USA,1,1
CUST10638,29,Male,Mobile,10.54,17,6,12.77,India,0,0
CUST10639,58,Female,Mobile,3.64,16,0,16.6,India,0,0
CUST10640,36,Male,Desktop,3.2,23,8,30.71,USA,1,1
CUST10641,29,Male,Desktop,3.93,10,7,5.02,USA,0,0
CUST10642,26,Female,Desktop,4.27,10,3,13.87,UK,0,0
CUST10643,24,Female,Desktop,13.12,2,9,56.19,UK,1,0
CUST10644,45,Male,Desktop,15.08,9,4,28.5,USA,0,0
CUST10645,31,Male,Mobile,11.07,17,1,27.28,Canada,0,0
CUST10646,48,Female,Mobile,16.75,11,8,1.86,Canada,1,0
CUST10647,69,Female,Tablet,19.83,10,5,15.6,India,1,0
CUST10648,36,Male,Desktop,16.58,22,2,52.11,Germany,1,1
CUST10649,64,Female,Desktop,14.2,17,6,10.71,India,0,1
CUST10650,33,Male,Mobile,11.12,4,8,25.49,India,0,0
CUST10651,22,Male,Mobile,9.53,16,2,1.85,Germany,1,0
CUST10652,52,Male,Desktop,2.6,20,1,29.22,USA,0,1
CUST10653,29,Male,Desktop,8.59,15,6,2.24,Canada,0,0
CUST10654,42,Male,Desktop,18.29,21,6,49.36,India,1,1
CUST10655,69,Female,Desktop,16.35,5,3,49.67,Germany,0,0
CUST10656,38,Female,Desktop,5.1,6,8,47.48,UK,0,0
CUST10657,53,Female,Mobile,9.87,17,7,17.72,India,0,1
CUST10658,40,Female,Mobile,16.52,1,0,50.4,Canada,0,0
CUST10659,33,Male,Mobile,2.28,19,0,33.04,USA,0,1
CUST10660,56,Male,Mobile,8.36,4,4,23.05,India,0,1
CUST10661,62,Male,Desktop,17.18,17,5,37.89,India,1,1
CUST10662,59,Male,Mobile,8.67,9,2,1.73,Germany,1,0
CUST10663,56,Female,Desktop,2.47,24,8,9.43,UK,0,0
CUST10664,31,Male,Mobile,11.31,2,9,44.8,UK,0,0
CUST10665,48,Male,Mobile,17.37,8,5,15.41,USA,0,1
CUST10666,22,Female,Mobile,12.22,15,3,36.28,Canada,0,0
CUST10667,52,Female,Mobile,5.3,7,6,23.72,USA,1,0
CUST10668,40,Female,Desktop,8.3,6,7,51.43,India,1,0
CUST10669,46,Female,Mobile,9.55,1,8,57.19,India,1,0
CUST10670,60,Male,Desktop,12.01,15,5,53.13,UK,0,1
CUST10671,28,Male,Mobile,15.43,23,5,16.97,Canada,0,1
CUST10672,35,Female,Mobile,2.88,7,7,12.46,Germany,0,0
CUST10673,64,Male,Mobile,17.9,17,4,28.99,Canada,0,1
CUST10674,29,Male,Desktop,1.23,2,2,1.43,India,1,0
CUST10675,26,Male,Desktop,8.03,9,2,2.52,Germany,1,1
CUST10676,27,Female,Mobile,1.52,9,5,33.64,Canada,0,0
CUST10677,61,Male,Mobile,8.47,13,1,31.71,Canada,1,1
CUST10678,34,Female,Desktop,10.99,6,5,59.68,Germany,0,0
CUST10679,55,Male,Mobile,10.72,6,5,12.91,India,0,0
CUST10680,24,Male,Mobile,4.15,20,7,16.23,Canada,0,0
CUST10681,63,Male,Desktop,13.27,20,6,7.7,Germany,0,1
CUST10682,30,Female,Desktop,1.85,21,7,55.14,India,0,0
CUST10683,57,Male,Mobile,15.48,3,8,46.89,Germany,1,1
CUST10684,59,Female,Tablet,18.99,17,5,49.52,Germany,1,1
CUST10685,26,Female,Desktop,7.46,17,2,54.26,Canada,0,0
CUST10686,67,Female,Mobile,10.83,12,9,31.97,India,0,0
CUST10687,44,Male,Desktop,8.2,16,2,27.62,Canada,1,1
CUST10688,19,Male,Desktop,1.13,15,0,20.49,USA,1,1
CUST10689,22,Male,Mobile,8.33,13,4,35.76,USA,1,1
CUST10690,46,Male,Mobile,16.04,23,3,27.8,India,0,1
CUST10691,54,Female,Mobile,12.32,1,8,27.64,Germany,1,0
CUST10692,55,Female,Desktop,2.92,17,8,56.28,Canada,0,0
CUST10693,36,Female,Mobile,17.1,3,4,59.06,Canada,1,0
CUST10694,25,Male,Desktop,11.09,15,9,47.99,India,0,0
CUST10695,65,Female,Desktop,16.99,4,3,45.65,India,1,1
CUST10696,62,Male,Mobile,12.02,4,6,41.15,USA,0,1
CUST10697,18,Female,Desktop,11.63,18,5,10.8,UK,0,0
CUST10698,39,Male,Mobile,3.0,17,3,4.49,India,0,1
CUST10699,69,Male,Desktop,4.18,19,9,41.75,UK,0,1
CUST10700,34,Female,Desktop,19.47,11,1,44.0,India,1,1
CUST10701,24,Female,Mobile,5.34,20,0,3.77,Germany,1,0
CUST10702,42,Female,Mobile,19.57,3,3,55.76,Germany,1,1
CUST10703,62,Female,Mobile,11.11,8,3,6.38,USA,0,1
CUST10704,21,Male,Mobile,3.58,14,0,17.87,USA,1,0
CUST10705,53,Female,Mobile,2.89,1,5,40.67,UK,1,0
CUST10706,23,Female,Mobile,4.97,14,3,11.02,India,0,0
CUST10707,48,Female,Tablet,18.59,2,0,4.27,Canada,0,0
CUST10708,36,Male,Mobile,8.87,23,0,20.54,USA,1,1
CUST10709,61,Male,Mobile,8.51,4,0,46.19,Canada,1,1
CUST10710,56,Female,Desktop,6.95,24,7,25.41,Canada,1,1
CUST10711,44,Male,Mobile,3.79,19,9,39.53,India,0,0
CUST10712,27,Female,Tablet,10.27,6,7,35.2,UK,0,0
CUST10713,43,Male,Desktop,3.47,1,1,2.31,India,0,0
CUST10714,36,Male,Desktop,16.87,17,6,59.32,USA,1,1
CUST10715,56,Male,Mobile,8.04,8,7,3.44,Canada,1,0
CUST10716,20,Male,Mobile,8.12,19,7,58.1,India,0,0
CUST10717,62,Female,Mobile,10.01,21,9,33.44,India,1,1
CUST10718,30,Female,Desktop,9.44,1,6,57.83,India,0,0
CUST10719,67,Female,Mobile,19.9,5,4,7.77,USA,1,1
CUST10720,45,Male,Mobile,11.36,16,0,29.93,UK,0,0
CUST10721,37,Female,Tablet,2.68,6,8,11.0,India,0,0
CUST10722,45,Female,Mobile,12.53,8,6,4.01,USA,0,1
CUST10723,25,Female,Mobile,3.88,13,1,37.43,Canada,0,1
CUST10724,58,Male,Mobile,1.59,16,5,13.26,Germany,0,0
CUST10725,56,Male,Tablet,19.44,3,1,35.67,USA,0,1
CUST10726,18,Male,Mobile,15.7,19,0,7.63,Germany,0,1
CUST10727,20,Female,Desktop,19.62,12,6,20.59,India,1,1
CUST10728,30,Female,Desktop,10.08,16,1,47.12,India,0,0
CUST10729,45,Female,Mobile,11.11,11,1,26.79,USA,0,0
CUST10730,66,Male,Desktop,4.2,10,4,38.04,Germany,0,0
CUST10731,42,Male,Mobile,5.69,20,4,39.2,India,1,1
CUST10732,50,Female,Mobile,16.93,4,6,50.78,Canada,0,0
CUST10733,55,Male,Desktop,7.77,12,0,20.17,UK,1,1
CUST10734,23,Male,Desktop,16.71,23,7,41.55,UK,1,1
CUST10735,61,Male,Desktop,14.47,2,2,57.74,India,0,1
CUST10736,62,Male,Desktop,4.37,24,3,44.08,Germany,0,0
CUST10737,49,Female,Mobile,10.64,22,8,29.9,India,0,0
CUST10738,62,Male,Mobile,13.87,19,3,38.21,Germany,0,1
CUST10739,64,Male,Mobile,5.47,5,9,44.64,Canada,1,0
CUST10740,38,Male,Mobile,16.78,8,4,37.12,Germany,1,0
CUST10741,33,Male,Mobile,11.35,7,6,1.98,India,0,0
CUST10742,38,Female,Mobile,4.14,14,3,12.49,Canada,0,0
CUST10743,28,Female,Mobile,12.08,24,0,48.82,USA,1,1
CUST10744,54,Male,Mobile,19.99,23,8,17.09,UK,1,0
CUST10745,53,Male,Desktop,3.86,3,3,44.16,India,0,1
CUST10746,52,Male,Desktop,16.52,18,8,22.96,India,0,0
CUST10747,36,Male,Mobile,4.94,16,5,31.79,India,0,1
CUST10748,37,Male,Tablet,15.87,23,0,5.01,Canada,1,0
CUST10749,35,Male,Desktop,14.96,19,2,11.69,USA,0,0
CUST10750,64,Female,Mobile,6.71,19,1,57.47,Germany,0,0
CUST10751,58,Male,Desktop,7.19,18,8,53.52,USA,1,1
CUST10752,66,Female,Desktop,16.06,20,0,39.48,Canada,1,1
CUST10753,31,Female,Desktop,9.77,16,8,28.12,India,1,1
CUST10754,32,Male,Mobile,14.89,8,8,40.87,UK,0,0
CUST10755,48,Female,Desktop,3.81,1,7,37.5,India,0,0
CUST10756,18,Female,Mobile,17.2,17,7,34.54,Germany,1,1
CUST10757,20,Female,Desktop,14.51,12,0,4.49,UK,0,0
CUST10758,33,Female,Desktop,18.23,21,7,38.34,India,0,1
CUST10759,40,Female,Desktop,3.52,11,9,46.37,UK,0,0
CUST10760,28,Female,Desktop,12.27,5,2,59.65,USA,0,1
CUST10761,29,Male,Desktop,12.38,12,6,1.65,Canada,0,0
CUST10762,27,Female,Mobile,7.72,17,0,44.08,India,1,1
CUST10763,49,Female,Mobile,9.71,6,0,34.74,Germany,1,0
CUST10764,33,Female,Desktop,1.72,1,9,26.61,USA,1,1
CUST10765,25,Male,Mobile,15.17,5,4,8.53,India,0,0
CUST10766,55,Female,Mobile,11.44,14,4,25.14,USA,0,0
CUST10767,29,Male,Mobile,2.1,5,7,21.91,Germany,0,1
CUST10768,41,Female,Mobile,13.93,22,6,18.87,India,1,0
CUST10769,45,Male,Tablet,9.87,24,7,44.12,Germany,0,0
CUST10770,25,Male,Desktop,1.65,1,5,42.34,UK,1,0
CUST10771,45,Female,Tablet,19.42,18,5,35.75,Germany,1,1
CUST10772,53,Female,Desktop,19.03,16,1,56.38,UK,0,1
CUST10773,43,Male,Mobile,10.75,9,5,21.64,India,0,0
CUST10774,25,Female,Mobile,2.78,19,4,15.38,UK,1,1
CUST10775,67,Male,Desktop,15.34,22,2,39.7,India,1,1
CUST10776,45,Male,Mobile,10.35,5,5,12.73,India,0,0
CUST10777,45,Male,Desktop,6.75,2,7,19.59,Canada,0,0
CUST10778,54,Male,Desktop,10.34,15,8,14.25,India,1,0
CUST10779,58,Male,Mobile,10.93,7,0,5.08,UK,0,0
CUST10780,53,Female,Tablet,11.69,4,2,49.82,Canada,0,0
CUST10781,44,Male,Desktop,9.38,1,2,16.02,Canada,0,1
CUST10782,34,Male,Desktop,12.51,13,7,28.91,India,0,0
CUST10783,26,Female,Mobile,18.46,20,0,3.56,Germany,0,0
CUST10784,50,Male,Mobile,7.88,22,4,42.26,Germany,0,0
CUST10785,37,Female,Desktop,14.79,7,2,20.5,Canada,0,0
CUST10786,30,Female,Mobile,17.99,15,1,44.94,India,0,0
CUST10787,45,Female,Mobile,9.66,23,7,25.33,Germany,1,1
CUST10788,65,Male,Desktop,9.43,14,2,12.55,India,1,0
CUST10789,46,Male,Mobile,12.44,23,6,31.28,India,1,1
CUST10790,30,Male,Desktop,12.24,19,0,8.7,Canada,1,0
CUST10791,63,Female,Tablet,16.33,22,5,26.99,Canada,0,0
CUST10792,52,Male,Desktop,10.05,24,2,19.72,USA,0,1
CUST10793,23,Female,Mobile,19.93,20,7,54.81,Germany,1,1
CUST10794,35,Male,Desktop,2.13,24,5,4.59,Germany,0,0
CUST10795,68,Female,Mobile,1.06,18,1,41.95,Germany,0,1
CUST10796,22,Male,Mobile,13.16,10,5,11.78,UK,1,1
CUST10797,64,Male,Desktop,6.67,9,6,19.82,India,0,1
CUST10798,42,Male,Mobile,5.57,8,4,25.52,Canada,0,0
CUST10799,19,Female,Mobile,6.93,10,2,54.57,Germany,1,0
